year,sex,residence_code,residence,workplace_code,workplace,employed,residence_focus,workplace_focus
2020,kvinnor,2505,Arvidsjaur,2505,Arvidsjaur,1222,0,0
2020,kvinnor,2505,Arvidsjaur,2506,Arjeplog,19,0,0
2020,kvinnor,2505,Arvidsjaur,2510,Jokkmokk,0,0,0
2020,kvinnor,2505,Arvidsjaur,2513,Överkalix,0,0,0
2020,kvinnor,2505,Arvidsjaur,2514,Kalix,0,0,1
2020,kvinnor,2505,Arvidsjaur,2518,Övertorneå,0,0,0
2020,kvinnor,2505,Arvidsjaur,2521,Pajala,0,0,0
2020,kvinnor,2505,Arvidsjaur,2523,Gällivare,8,0,0
2020,kvinnor,2505,Arvidsjaur,2560,Älvsbyn,5,0,1
2020,kvinnor,2505,Arvidsjaur,2580,Luleå,9,0,1
2020,kvinnor,2505,Arvidsjaur,2581,Piteå,5,0,1
2020,kvinnor,2505,Arvidsjaur,2582,Boden,27,0,1
2020,kvinnor,2505,Arvidsjaur,2583,Haparanda,0,0,0
2020,kvinnor,2505,Arvidsjaur,2584,Kiruna,3,0,0
2020,kvinnor,2506,Arjeplog,2505,Arvidsjaur,6,0,0
2020,kvinnor,2506,Arjeplog,2506,Arjeplog,570,0,0
2020,kvinnor,2506,Arjeplog,2510,Jokkmokk,0,0,0
2020,kvinnor,2506,Arjeplog,2513,Överkalix,0,0,0
2020,kvinnor,2506,Arjeplog,2514,Kalix,0,0,1
2020,kvinnor,2506,Arjeplog,2518,Övertorneå,0,0,0
2020,kvinnor,2506,Arjeplog,2521,Pajala,0,0,0
2020,kvinnor,2506,Arjeplog,2523,Gällivare,3,0,0
2020,kvinnor,2506,Arjeplog,2560,Älvsbyn,0,0,1
2020,kvinnor,2506,Arjeplog,2580,Luleå,3,0,1
2020,kvinnor,2506,Arjeplog,2581,Piteå,5,0,1
2020,kvinnor,2506,Arjeplog,2582,Boden,0,0,1
2020,kvinnor,2506,Arjeplog,2583,Haparanda,0,0,0
2020,kvinnor,2506,Arjeplog,2584,Kiruna,0,0,0
2020,kvinnor,2510,Jokkmokk,2505,Arvidsjaur,0,0,0
2020,kvinnor,2510,Jokkmokk,2506,Arjeplog,0,0,0
2020,kvinnor,2510,Jokkmokk,2510,Jokkmokk,1003,0,0
2020,kvinnor,2510,Jokkmokk,2513,Överkalix,0,0,0
2020,kvinnor,2510,Jokkmokk,2514,Kalix,0,0,1
2020,kvinnor,2510,Jokkmokk,2518,Övertorneå,0,0,0
2020,kvinnor,2510,Jokkmokk,2521,Pajala,0,0,0
2020,kvinnor,2510,Jokkmokk,2523,Gällivare,59,0,0
2020,kvinnor,2510,Jokkmokk,2560,Älvsbyn,0,0,1
2020,kvinnor,2510,Jokkmokk,2580,Luleå,25,0,1
2020,kvinnor,2510,Jokkmokk,2581,Piteå,5,0,1
2020,kvinnor,2510,Jokkmokk,2582,Boden,13,0,1
2020,kvinnor,2510,Jokkmokk,2583,Haparanda,0,0,0
2020,kvinnor,2510,Jokkmokk,2584,Kiruna,8,0,0
2020,kvinnor,2513,Överkalix,2505,Arvidsjaur,0,0,0
2020,kvinnor,2513,Överkalix,2506,Arjeplog,0,0,0
2020,kvinnor,2513,Överkalix,2510,Jokkmokk,0,0,0
2020,kvinnor,2513,Överkalix,2513,Överkalix,584,0,0
2020,kvinnor,2513,Överkalix,2514,Kalix,12,0,1
2020,kvinnor,2513,Överkalix,2518,Övertorneå,10,0,0
2020,kvinnor,2513,Överkalix,2521,Pajala,7,0,0
2020,kvinnor,2513,Överkalix,2523,Gällivare,11,0,0
2020,kvinnor,2513,Överkalix,2560,Älvsbyn,0,0,1
2020,kvinnor,2513,Överkalix,2580,Luleå,28,0,1
2020,kvinnor,2513,Överkalix,2581,Piteå,3,0,1
2020,kvinnor,2513,Överkalix,2582,Boden,0,0,1
2020,kvinnor,2513,Överkalix,2583,Haparanda,0,0,0
2020,kvinnor,2513,Överkalix,2584,Kiruna,0,0,0
2020,kvinnor,2514,Kalix,2505,Arvidsjaur,0,1,0
2020,kvinnor,2514,Kalix,2506,Arjeplog,0,1,0
2020,kvinnor,2514,Kalix,2510,Jokkmokk,3,1,0
2020,kvinnor,2514,Kalix,2513,Överkalix,17,1,0
2020,kvinnor,2514,Kalix,2514,Kalix,2999,1,1
2020,kvinnor,2514,Kalix,2518,Övertorneå,14,1,0
2020,kvinnor,2514,Kalix,2521,Pajala,0,1,0
2020,kvinnor,2514,Kalix,2523,Gällivare,6,1,0
2020,kvinnor,2514,Kalix,2560,Älvsbyn,4,1,1
2020,kvinnor,2514,Kalix,2580,Luleå,202,1,1
2020,kvinnor,2514,Kalix,2581,Piteå,4,1,1
2020,kvinnor,2514,Kalix,2582,Boden,20,1,1
2020,kvinnor,2514,Kalix,2583,Haparanda,73,1,0
2020,kvinnor,2514,Kalix,2584,Kiruna,9,1,0
2020,kvinnor,2518,Övertorneå,2505,Arvidsjaur,0,0,0
2020,kvinnor,2518,Övertorneå,2506,Arjeplog,0,0,0
2020,kvinnor,2518,Övertorneå,2510,Jokkmokk,0,0,0
2020,kvinnor,2518,Övertorneå,2513,Överkalix,10,0,0
2020,kvinnor,2518,Övertorneå,2514,Kalix,15,0,1
2020,kvinnor,2518,Övertorneå,2518,Övertorneå,713,0,0
2020,kvinnor,2518,Övertorneå,2521,Pajala,20,0,0
2020,kvinnor,2518,Övertorneå,2523,Gällivare,3,0,0
2020,kvinnor,2518,Övertorneå,2560,Älvsbyn,0,0,1
2020,kvinnor,2518,Övertorneå,2580,Luleå,21,0,1
2020,kvinnor,2518,Övertorneå,2581,Piteå,0,0,1
2020,kvinnor,2518,Övertorneå,2582,Boden,0,0,1
2020,kvinnor,2518,Övertorneå,2583,Haparanda,19,0,0
2020,kvinnor,2518,Övertorneå,2584,Kiruna,6,0,0
2020,kvinnor,2521,Pajala,2505,Arvidsjaur,0,0,0
2020,kvinnor,2521,Pajala,2506,Arjeplog,0,0,0
2020,kvinnor,2521,Pajala,2510,Jokkmokk,0,0,0
2020,kvinnor,2521,Pajala,2513,Överkalix,8,0,0
2020,kvinnor,2521,Pajala,2514,Kalix,0,0,1
2020,kvinnor,2521,Pajala,2518,Övertorneå,4,0,0
2020,kvinnor,2521,Pajala,2521,Pajala,1038,0,0
2020,kvinnor,2521,Pajala,2523,Gällivare,12,0,0
2020,kvinnor,2521,Pajala,2560,Älvsbyn,0,0,1
2020,kvinnor,2521,Pajala,2580,Luleå,15,0,1
2020,kvinnor,2521,Pajala,2581,Piteå,0,0,1
2020,kvinnor,2521,Pajala,2582,Boden,3,0,1
2020,kvinnor,2521,Pajala,2583,Haparanda,0,0,0
2020,kvinnor,2521,Pajala,2584,Kiruna,39,0,0
2020,kvinnor,2523,Gällivare,2505,Arvidsjaur,0,0,0
2020,kvinnor,2523,Gällivare,2506,Arjeplog,0,0,0
2020,kvinnor,2523,Gällivare,2510,Jokkmokk,15,0,0
2020,kvinnor,2523,Gällivare,2513,Överkalix,0,0,0
2020,kvinnor,2523,Gällivare,2514,Kalix,6,0,1
2020,kvinnor,2523,Gällivare,2518,Övertorneå,0,0,0
2020,kvinnor,2523,Gällivare,2521,Pajala,3,0,0
2020,kvinnor,2523,Gällivare,2523,Gällivare,3926,0,0
2020,kvinnor,2523,Gällivare,2560,Älvsbyn,0,0,1
2020,kvinnor,2523,Gällivare,2580,Luleå,66,0,1
2020,kvinnor,2523,Gällivare,2581,Piteå,8,0,1
2020,kvinnor,2523,Gällivare,2582,Boden,11,0,1
2020,kvinnor,2523,Gällivare,2583,Haparanda,4,0,0
2020,kvinnor,2523,Gällivare,2584,Kiruna,84,0,0
2020,kvinnor,2560,Älvsbyn,2505,Arvidsjaur,27,1,0
2020,kvinnor,2560,Älvsbyn,2506,Arjeplog,0,1,0
2020,kvinnor,2560,Älvsbyn,2510,Jokkmokk,5,1,0
2020,kvinnor,2560,Älvsbyn,2513,Överkalix,0,1,0
2020,kvinnor,2560,Älvsbyn,2514,Kalix,3,1,1
2020,kvinnor,2560,Älvsbyn,2518,Övertorneå,0,1,0
2020,kvinnor,2560,Älvsbyn,2521,Pajala,0,1,0
2020,kvinnor,2560,Älvsbyn,2523,Gällivare,3,1,0
2020,kvinnor,2560,Älvsbyn,2560,Älvsbyn,1386,1,1
2020,kvinnor,2560,Älvsbyn,2580,Luleå,101,1,1
2020,kvinnor,2560,Älvsbyn,2581,Piteå,119,1,1
2020,kvinnor,2560,Älvsbyn,2582,Boden,29,1,1
2020,kvinnor,2560,Älvsbyn,2583,Haparanda,0,1,0
2020,kvinnor,2560,Älvsbyn,2584,Kiruna,3,1,0
2020,kvinnor,2580,Luleå,2505,Arvidsjaur,5,1,0
2020,kvinnor,2580,Luleå,2506,Arjeplog,0,1,0
2020,kvinnor,2580,Luleå,2510,Jokkmokk,11,1,0
2020,kvinnor,2580,Luleå,2513,Överkalix,14,1,0
2020,kvinnor,2580,Luleå,2514,Kalix,106,1,1
2020,kvinnor,2580,Luleå,2518,Övertorneå,13,1,0
2020,kvinnor,2580,Luleå,2521,Pajala,17,1,0
2020,kvinnor,2580,Luleå,2523,Gällivare,47,1,0
2020,kvinnor,2580,Luleå,2560,Älvsbyn,36,1,1
2020,kvinnor,2580,Luleå,2580,Luleå,17120,1,1
2020,kvinnor,2580,Luleå,2581,Piteå,200,1,1
2020,kvinnor,2580,Luleå,2582,Boden,494,1,1
2020,kvinnor,2580,Luleå,2583,Haparanda,12,1,0
2020,kvinnor,2580,Luleå,2584,Kiruna,29,1,0
2020,kvinnor,2581,Piteå,2505,Arvidsjaur,9,1,0
2020,kvinnor,2581,Piteå,2506,Arjeplog,5,1,0
2020,kvinnor,2581,Piteå,2510,Jokkmokk,10,1,0
2020,kvinnor,2581,Piteå,2513,Överkalix,3,1,0
2020,kvinnor,2581,Piteå,2514,Kalix,18,1,1
2020,kvinnor,2581,Piteå,2518,Övertorneå,0,1,0
2020,kvinnor,2581,Piteå,2521,Pajala,3,1,0
2020,kvinnor,2581,Piteå,2523,Gällivare,10,1,0
2020,kvinnor,2581,Piteå,2560,Älvsbyn,90,1,1
2020,kvinnor,2581,Piteå,2580,Luleå,947,1,1
2020,kvinnor,2581,Piteå,2581,Piteå,8327,1,1
2020,kvinnor,2581,Piteå,2582,Boden,46,1,1
2020,kvinnor,2581,Piteå,2583,Haparanda,0,1,0
2020,kvinnor,2581,Piteå,2584,Kiruna,10,1,0
2020,kvinnor,2582,Boden,2505,Arvidsjaur,3,1,0
2020,kvinnor,2582,Boden,2506,Arjeplog,3,1,0
2020,kvinnor,2582,Boden,2510,Jokkmokk,16,1,0
2020,kvinnor,2582,Boden,2513,Överkalix,3,1,0
2020,kvinnor,2582,Boden,2514,Kalix,21,1,1
2020,kvinnor,2582,Boden,2518,Övertorneå,4,1,0
2020,kvinnor,2582,Boden,2521,Pajala,0,1,0
2020,kvinnor,2582,Boden,2523,Gällivare,16,1,0
2020,kvinnor,2582,Boden,2560,Älvsbyn,19,1,1
2020,kvinnor,2582,Boden,2580,Luleå,1604,1,1
2020,kvinnor,2582,Boden,2581,Piteå,27,1,1
2020,kvinnor,2582,Boden,2582,Boden,4547,1,1
2020,kvinnor,2582,Boden,2583,Haparanda,3,1,0
2020,kvinnor,2582,Boden,2584,Kiruna,9,1,0
2020,kvinnor,2583,Haparanda,2505,Arvidsjaur,3,0,0
2020,kvinnor,2583,Haparanda,2506,Arjeplog,0,0,0
2020,kvinnor,2583,Haparanda,2510,Jokkmokk,0,0,0
2020,kvinnor,2583,Haparanda,2513,Överkalix,3,0,0
2020,kvinnor,2583,Haparanda,2514,Kalix,72,0,1
2020,kvinnor,2583,Haparanda,2518,Övertorneå,21,0,0
2020,kvinnor,2583,Haparanda,2521,Pajala,0,0,0
2020,kvinnor,2583,Haparanda,2523,Gällivare,4,0,0
2020,kvinnor,2583,Haparanda,2560,Älvsbyn,0,0,1
2020,kvinnor,2583,Haparanda,2580,Luleå,21,0,1
2020,kvinnor,2583,Haparanda,2581,Piteå,3,0,1
2020,kvinnor,2583,Haparanda,2582,Boden,0,0,1
2020,kvinnor,2583,Haparanda,2583,Haparanda,1658,0,0
2020,kvinnor,2583,Haparanda,2584,Kiruna,5,0,0
2020,kvinnor,2584,Kiruna,2505,Arvidsjaur,0,0,0
2020,kvinnor,2584,Kiruna,2506,Arjeplog,0,0,0
2020,kvinnor,2584,Kiruna,2510,Jokkmokk,3,0,0
2020,kvinnor,2584,Kiruna,2513,Överkalix,0,0,0
2020,kvinnor,2584,Kiruna,2514,Kalix,4,0,1
2020,kvinnor,2584,Kiruna,2518,Övertorneå,4,0,0
2020,kvinnor,2584,Kiruna,2521,Pajala,14,0,0
2020,kvinnor,2584,Kiruna,2523,Gällivare,46,0,0
2020,kvinnor,2584,Kiruna,2560,Älvsbyn,0,0,1
2020,kvinnor,2584,Kiruna,2580,Luleå,54,0,1
2020,kvinnor,2584,Kiruna,2581,Piteå,7,0,1
2020,kvinnor,2584,Kiruna,2582,Boden,5,0,1
2020,kvinnor,2584,Kiruna,2583,Haparanda,0,0,0
2020,kvinnor,2584,Kiruna,2584,Kiruna,5215,0,0
2020,män,2505,Arvidsjaur,2505,Arvidsjaur,1166,0,0
2020,män,2505,Arvidsjaur,2506,Arjeplog,68,0,0
2020,män,2505,Arvidsjaur,2510,Jokkmokk,3,0,0
2020,män,2505,Arvidsjaur,2513,Överkalix,0,0,0
2020,män,2505,Arvidsjaur,2514,Kalix,3,0,1
2020,män,2505,Arvidsjaur,2518,Övertorneå,0,0,0
2020,män,2505,Arvidsjaur,2521,Pajala,3,0,0
2020,män,2505,Arvidsjaur,2523,Gällivare,11,0,0
2020,män,2505,Arvidsjaur,2560,Älvsbyn,17,0,1
2020,män,2505,Arvidsjaur,2580,Luleå,24,0,1
2020,män,2505,Arvidsjaur,2581,Piteå,39,0,1
2020,män,2505,Arvidsjaur,2582,Boden,119,0,1
2020,män,2505,Arvidsjaur,2583,Haparanda,0,0,0
2020,män,2505,Arvidsjaur,2584,Kiruna,5,0,0
2020,män,2506,Arjeplog,2505,Arvidsjaur,11,0,0
2020,män,2506,Arjeplog,2506,Arjeplog,640,0,0
2020,män,2506,Arjeplog,2510,Jokkmokk,7,0,0
2020,män,2506,Arjeplog,2513,Överkalix,0,0,0
2020,män,2506,Arjeplog,2514,Kalix,0,0,1
2020,män,2506,Arjeplog,2518,Övertorneå,0,0,0
2020,män,2506,Arjeplog,2521,Pajala,0,0,0
2020,män,2506,Arjeplog,2523,Gällivare,5,0,0
2020,män,2506,Arjeplog,2560,Älvsbyn,0,0,1
2020,män,2506,Arjeplog,2580,Luleå,15,0,1
2020,män,2506,Arjeplog,2581,Piteå,5,0,1
2020,män,2506,Arjeplog,2582,Boden,3,0,1
2020,män,2506,Arjeplog,2583,Haparanda,0,0,0
2020,män,2506,Arjeplog,2584,Kiruna,4,0,0
2020,män,2510,Jokkmokk,2505,Arvidsjaur,0,0,0
2020,män,2510,Jokkmokk,2506,Arjeplog,0,0,0
2020,män,2510,Jokkmokk,2510,Jokkmokk,1043,0,0
2020,män,2510,Jokkmokk,2513,Överkalix,0,0,0
2020,män,2510,Jokkmokk,2514,Kalix,0,0,1
2020,män,2510,Jokkmokk,2518,Övertorneå,3,0,0
2020,män,2510,Jokkmokk,2521,Pajala,0,0,0
2020,män,2510,Jokkmokk,2523,Gällivare,140,0,0
2020,män,2510,Jokkmokk,2560,Älvsbyn,6,0,1
2020,män,2510,Jokkmokk,2580,Luleå,35,0,1
2020,män,2510,Jokkmokk,2581,Piteå,16,0,1
2020,män,2510,Jokkmokk,2582,Boden,29,0,1
2020,män,2510,Jokkmokk,2583,Haparanda,0,0,0
2020,män,2510,Jokkmokk,2584,Kiruna,10,0,0
2020,män,2513,Överkalix,2505,Arvidsjaur,0,0,0
2020,män,2513,Överkalix,2506,Arjeplog,0,0,0
2020,män,2513,Överkalix,2510,Jokkmokk,0,0,0
2020,män,2513,Överkalix,2513,Överkalix,662,0,0
2020,män,2513,Överkalix,2514,Kalix,16,0,1
2020,män,2513,Överkalix,2518,Övertorneå,7,0,0
2020,män,2513,Överkalix,2521,Pajala,11,0,0
2020,män,2513,Överkalix,2523,Gällivare,29,0,0
2020,män,2513,Överkalix,2560,Älvsbyn,6,0,1
2020,män,2513,Överkalix,2580,Luleå,39,0,1
2020,män,2513,Överkalix,2581,Piteå,11,0,1
2020,män,2513,Överkalix,2582,Boden,8,0,1
2020,män,2513,Överkalix,2583,Haparanda,4,0,0
2020,män,2513,Överkalix,2584,Kiruna,9,0,0
2020,män,2514,Kalix,2505,Arvidsjaur,4,1,0
2020,män,2514,Kalix,2506,Arjeplog,0,1,0
2020,män,2514,Kalix,2510,Jokkmokk,5,1,0
2020,män,2514,Kalix,2513,Överkalix,42,1,0
2020,män,2514,Kalix,2514,Kalix,3079,1,1
2020,män,2514,Kalix,2518,Övertorneå,12,1,0
2020,män,2514,Kalix,2521,Pajala,4,1,0
2020,män,2514,Kalix,2523,Gällivare,28,1,0
2020,män,2514,Kalix,2560,Älvsbyn,17,1,1
2020,män,2514,Kalix,2580,Luleå,458,1,1
2020,män,2514,Kalix,2581,Piteå,20,1,1
2020,män,2514,Kalix,2582,Boden,58,1,1
2020,män,2514,Kalix,2583,Haparanda,63,1,0
2020,män,2514,Kalix,2584,Kiruna,18,1,0
2020,män,2518,Övertorneå,2505,Arvidsjaur,0,0,0
2020,män,2518,Övertorneå,2506,Arjeplog,0,0,0
2020,män,2518,Övertorneå,2510,Jokkmokk,3,0,0
2020,män,2518,Övertorneå,2513,Överkalix,12,0,0
2020,män,2518,Övertorneå,2514,Kalix,22,0,1
2020,män,2518,Övertorneå,2518,Övertorneå,807,0,0
2020,män,2518,Övertorneå,2521,Pajala,28,0,0
2020,män,2518,Övertorneå,2523,Gällivare,11,0,0
2020,män,2518,Övertorneå,2560,Älvsbyn,3,0,1
2020,män,2518,Övertorneå,2580,Luleå,41,0,1
2020,män,2518,Övertorneå,2581,Piteå,3,0,1
2020,män,2518,Övertorneå,2582,Boden,0,0,1
2020,män,2518,Övertorneå,2583,Haparanda,22,0,0
2020,män,2518,Övertorneå,2584,Kiruna,31,0,0
2020,män,2521,Pajala,2505,Arvidsjaur,0,0,0
2020,män,2521,Pajala,2506,Arjeplog,0,0,0
2020,män,2521,Pajala,2510,Jokkmokk,3,0,0
2020,män,2521,Pajala,2513,Överkalix,4,0,0
2020,män,2521,Pajala,2514,Kalix,6,0,1
2020,män,2521,Pajala,2518,Övertorneå,7,0,0
2020,män,2521,Pajala,2521,Pajala,1264,0,0
2020,män,2521,Pajala,2523,Gällivare,44,0,0
2020,män,2521,Pajala,2560,Älvsbyn,0,0,1
2020,män,2521,Pajala,2580,Luleå,33,0,1
2020,män,2521,Pajala,2581,Piteå,4,0,1
2020,män,2521,Pajala,2582,Boden,4,0,1
2020,män,2521,Pajala,2583,Haparanda,7,0,0
2020,män,2521,Pajala,2584,Kiruna,123,0,0
2020,män,2523,Gällivare,2505,Arvidsjaur,3,0,0
2020,män,2523,Gällivare,2506,Arjeplog,0,0,0
2020,män,2523,Gällivare,2510,Jokkmokk,14,0,0
2020,män,2523,Gällivare,2513,Överkalix,4,0,0
2020,män,2523,Gällivare,2514,Kalix,10,0,1
2020,män,2523,Gällivare,2518,Övertorneå,3,0,0
2020,män,2523,Gällivare,2521,Pajala,8,0,0
2020,män,2523,Gällivare,2523,Gällivare,4500,0,0
2020,män,2523,Gällivare,2560,Älvsbyn,0,0,1
2020,män,2523,Gällivare,2580,Luleå,102,0,1
2020,män,2523,Gällivare,2581,Piteå,5,0,1
2020,män,2523,Gällivare,2582,Boden,21,0,1
2020,män,2523,Gällivare,2583,Haparanda,7,0,0
2020,män,2523,Gällivare,2584,Kiruna,162,0,0
2020,män,2560,Älvsbyn,2505,Arvidsjaur,69,1,0
2020,män,2560,Älvsbyn,2506,Arjeplog,3,1,0
2020,män,2560,Älvsbyn,2510,Jokkmokk,7,1,0
2020,män,2560,Älvsbyn,2513,Överkalix,0,1,0
2020,män,2560,Älvsbyn,2514,Kalix,8,1,1
2020,män,2560,Älvsbyn,2518,Övertorneå,3,1,0
2020,män,2560,Älvsbyn,2521,Pajala,0,1,0
2020,män,2560,Älvsbyn,2523,Gällivare,14,1,0
2020,män,2560,Älvsbyn,2560,Älvsbyn,1292,1,1
2020,män,2560,Älvsbyn,2580,Luleå,261,1,1
2020,män,2560,Älvsbyn,2581,Piteå,223,1,1
2020,män,2560,Älvsbyn,2582,Boden,78,1,1
2020,män,2560,Älvsbyn,2583,Haparanda,0,1,0
2020,män,2560,Älvsbyn,2584,Kiruna,3,1,0
2020,män,2580,Luleå,2505,Arvidsjaur,11,1,0
2020,män,2580,Luleå,2506,Arjeplog,0,1,0
2020,män,2580,Luleå,2510,Jokkmokk,9,1,0
2020,män,2580,Luleå,2513,Överkalix,30,1,0
2020,män,2580,Luleå,2514,Kalix,129,1,1
2020,män,2580,Luleå,2518,Övertorneå,20,1,0
2020,män,2580,Luleå,2521,Pajala,39,1,0
2020,män,2580,Luleå,2523,Gällivare,82,1,0
2020,män,2580,Luleå,2560,Älvsbyn,64,1,1
2020,män,2580,Luleå,2580,Luleå,17905,1,1
2020,män,2580,Luleå,2581,Piteå,358,1,1
2020,män,2580,Luleå,2582,Boden,623,1,1
2020,män,2580,Luleå,2583,Haparanda,22,1,0
2020,män,2580,Luleå,2584,Kiruna,76,1,0
2020,män,2581,Piteå,2505,Arvidsjaur,31,1,0
2020,män,2581,Piteå,2506,Arjeplog,9,1,0
2020,män,2581,Piteå,2510,Jokkmokk,13,1,0
2020,män,2581,Piteå,2513,Överkalix,12,1,0
2020,män,2581,Piteå,2514,Kalix,21,1,1
2020,män,2581,Piteå,2518,Övertorneå,3,1,0
2020,män,2581,Piteå,2521,Pajala,10,1,0
2020,män,2581,Piteå,2523,Gällivare,30,1,0
2020,män,2581,Piteå,2560,Älvsbyn,117,1,1
2020,män,2581,Piteå,2580,Luleå,1374,1,1
2020,män,2581,Piteå,2581,Piteå,8658,1,1
2020,män,2581,Piteå,2582,Boden,95,1,1
2020,män,2581,Piteå,2583,Haparanda,3,1,0
2020,män,2581,Piteå,2584,Kiruna,23,1,0
2020,män,2582,Boden,2505,Arvidsjaur,5,1,0
2020,män,2582,Boden,2506,Arjeplog,3,1,0
2020,män,2582,Boden,2510,Jokkmokk,14,1,0
2020,män,2582,Boden,2513,Överkalix,6,1,0
2020,män,2582,Boden,2514,Kalix,36,1,1
2020,män,2582,Boden,2518,Övertorneå,3,1,0
2020,män,2582,Boden,2521,Pajala,4,1,0
2020,män,2582,Boden,2523,Gällivare,26,1,0
2020,män,2582,Boden,2560,Älvsbyn,44,1,1
2020,män,2582,Boden,2580,Luleå,1806,1,1
2020,män,2582,Boden,2581,Piteå,54,1,1
2020,män,2582,Boden,2582,Boden,4709,1,1
2020,män,2582,Boden,2583,Haparanda,4,1,0
2020,män,2582,Boden,2584,Kiruna,34,1,0
2020,män,2583,Haparanda,2505,Arvidsjaur,3,0,0
2020,män,2583,Haparanda,2506,Arjeplog,0,0,0
2020,män,2583,Haparanda,2510,Jokkmokk,3,0,0
2020,män,2583,Haparanda,2513,Överkalix,10,0,0
2020,män,2583,Haparanda,2514,Kalix,135,0,1
2020,män,2583,Haparanda,2518,Övertorneå,35,0,0
2020,män,2583,Haparanda,2521,Pajala,8,0,0
2020,män,2583,Haparanda,2523,Gällivare,9,0,0
2020,män,2583,Haparanda,2560,Älvsbyn,4,0,1
2020,män,2583,Haparanda,2580,Luleå,84,0,1
2020,män,2583,Haparanda,2581,Piteå,8,0,1
2020,män,2583,Haparanda,2582,Boden,13,0,1
2020,män,2583,Haparanda,2583,Haparanda,1629,0,0
2020,män,2583,Haparanda,2584,Kiruna,32,0,0
2020,män,2584,Kiruna,2505,Arvidsjaur,0,0,0
2020,män,2584,Kiruna,2506,Arjeplog,0,0,0
2020,män,2584,Kiruna,2510,Jokkmokk,3,0,0
2020,män,2584,Kiruna,2513,Överkalix,0,0,0
2020,män,2584,Kiruna,2514,Kalix,3,0,1
2020,män,2584,Kiruna,2518,Övertorneå,0,0,0
2020,män,2584,Kiruna,2521,Pajala,27,0,0
2020,män,2584,Kiruna,2523,Gällivare,54,0,0
2020,män,2584,Kiruna,2560,Älvsbyn,0,0,1
2020,män,2584,Kiruna,2580,Luleå,86,0,1
2020,män,2584,Kiruna,2581,Piteå,10,0,1
2020,män,2584,Kiruna,2582,Boden,22,0,1
2020,män,2584,Kiruna,2583,Haparanda,3,0,0
2020,män,2584,Kiruna,2584,Kiruna,6138,0,0
2020,totalt,2505,Arvidsjaur,2505,Arvidsjaur,2388,0,0
2020,totalt,2505,Arvidsjaur,2506,Arjeplog,86,0,0
2020,totalt,2505,Arvidsjaur,2510,Jokkmokk,7,0,0
2020,totalt,2505,Arvidsjaur,2513,Överkalix,0,0,0
2020,totalt,2505,Arvidsjaur,2514,Kalix,3,0,1
2020,totalt,2505,Arvidsjaur,2518,Övertorneå,0,0,0
2020,totalt,2505,Arvidsjaur,2521,Pajala,3,0,0
2020,totalt,2505,Arvidsjaur,2523,Gällivare,18,0,0
2020,totalt,2505,Arvidsjaur,2560,Älvsbyn,23,0,1
2020,totalt,2505,Arvidsjaur,2580,Luleå,28,0,1
2020,totalt,2505,Arvidsjaur,2581,Piteå,50,0,1
2020,totalt,2505,Arvidsjaur,2582,Boden,147,0,1
2020,totalt,2505,Arvidsjaur,2583,Haparanda,0,0,0
2020,totalt,2505,Arvidsjaur,2584,Kiruna,9,0,0
2020,totalt,2506,Arjeplog,2505,Arvidsjaur,21,0,0
2020,totalt,2506,Arjeplog,2506,Arjeplog,1208,0,0
2020,totalt,2506,Arjeplog,2510,Jokkmokk,6,0,0
2020,totalt,2506,Arjeplog,2513,Överkalix,0,0,0
2020,totalt,2506,Arjeplog,2514,Kalix,0,0,1
2020,totalt,2506,Arjeplog,2518,Övertorneå,0,0,0
2020,totalt,2506,Arjeplog,2521,Pajala,0,0,0
2020,totalt,2506,Arjeplog,2523,Gällivare,8,0,0
2020,totalt,2506,Arjeplog,2560,Älvsbyn,0,0,1
2020,totalt,2506,Arjeplog,2580,Luleå,18,0,1
2020,totalt,2506,Arjeplog,2581,Piteå,11,0,1
2020,totalt,2506,Arjeplog,2582,Boden,3,0,1
2020,totalt,2506,Arjeplog,2583,Haparanda,0,0,0
2020,totalt,2506,Arjeplog,2584,Kiruna,4,0,0
2020,totalt,2510,Jokkmokk,2505,Arvidsjaur,4,0,0
2020,totalt,2510,Jokkmokk,2506,Arjeplog,0,0,0
2020,totalt,2510,Jokkmokk,2510,Jokkmokk,2045,0,0
2020,totalt,2510,Jokkmokk,2513,Överkalix,0,0,0
2020,totalt,2510,Jokkmokk,2514,Kalix,0,0,1
2020,totalt,2510,Jokkmokk,2518,Övertorneå,3,0,0
2020,totalt,2510,Jokkmokk,2521,Pajala,0,0,0
2020,totalt,2510,Jokkmokk,2523,Gällivare,199,0,0
2020,totalt,2510,Jokkmokk,2560,Älvsbyn,10,0,1
2020,totalt,2510,Jokkmokk,2580,Luleå,64,0,1
2020,totalt,2510,Jokkmokk,2581,Piteå,19,0,1
2020,totalt,2510,Jokkmokk,2582,Boden,45,0,1
2020,totalt,2510,Jokkmokk,2583,Haparanda,0,0,0
2020,totalt,2510,Jokkmokk,2584,Kiruna,19,0,0
2020,totalt,2513,Överkalix,2505,Arvidsjaur,0,0,0
2020,totalt,2513,Överkalix,2506,Arjeplog,0,0,0
2020,totalt,2513,Överkalix,2510,Jokkmokk,0,0,0
2020,totalt,2513,Överkalix,2513,Överkalix,1250,0,0
2020,totalt,2513,Överkalix,2514,Kalix,28,0,1
2020,totalt,2513,Överkalix,2518,Övertorneå,23,0,0
2020,totalt,2513,Överkalix,2521,Pajala,17,0,0
2020,totalt,2513,Överkalix,2523,Gällivare,38,0,0
2020,totalt,2513,Överkalix,2560,Älvsbyn,6,0,1
2020,totalt,2513,Överkalix,2580,Luleå,66,0,1
2020,totalt,2513,Överkalix,2581,Piteå,13,0,1
2020,totalt,2513,Överkalix,2582,Boden,5,0,1
2020,totalt,2513,Överkalix,2583,Haparanda,4,0,0
2020,totalt,2513,Överkalix,2584,Kiruna,9,0,0
2020,totalt,2514,Kalix,2505,Arvidsjaur,3,1,0
2020,totalt,2514,Kalix,2506,Arjeplog,0,1,0
2020,totalt,2514,Kalix,2510,Jokkmokk,5,1,0
2020,totalt,2514,Kalix,2513,Överkalix,58,1,0
2020,totalt,2514,Kalix,2514,Kalix,6078,1,1
2020,totalt,2514,Kalix,2518,Övertorneå,21,1,0
2020,totalt,2514,Kalix,2521,Pajala,8,1,0
2020,totalt,2514,Kalix,2523,Gällivare,34,1,0
2020,totalt,2514,Kalix,2560,Älvsbyn,20,1,1
2020,totalt,2514,Kalix,2580,Luleå,661,1,1
2020,totalt,2514,Kalix,2581,Piteå,25,1,1
2020,totalt,2514,Kalix,2582,Boden,79,1,1
2020,totalt,2514,Kalix,2583,Haparanda,137,1,0
2020,totalt,2514,Kalix,2584,Kiruna,26,1,0
2020,totalt,2518,Övertorneå,2505,Arvidsjaur,0,0,0
2020,totalt,2518,Övertorneå,2506,Arjeplog,0,0,0
2020,totalt,2518,Övertorneå,2510,Jokkmokk,3,0,0
2020,totalt,2518,Övertorneå,2513,Överkalix,19,0,0
2020,totalt,2518,Övertorneå,2514,Kalix,34,0,1
2020,totalt,2518,Övertorneå,2518,Övertorneå,1521,0,0
2020,totalt,2518,Övertorneå,2521,Pajala,48,0,0
2020,totalt,2518,Övertorneå,2523,Gällivare,9,0,0
2020,totalt,2518,Övertorneå,2560,Älvsbyn,3,0,1
2020,totalt,2518,Övertorneå,2580,Luleå,63,0,1
2020,totalt,2518,Övertorneå,2581,Piteå,6,0,1
2020,totalt,2518,Övertorneå,2582,Boden,0,0,1
2020,totalt,2518,Övertorneå,2583,Haparanda,40,0,0
2020,totalt,2518,Övertorneå,2584,Kiruna,36,0,0
2020,totalt,2521,Pajala,2505,Arvidsjaur,0,0,0
2020,totalt,2521,Pajala,2506,Arjeplog,0,0,0
2020,totalt,2521,Pajala,2510,Jokkmokk,3,0,0
2020,totalt,2521,Pajala,2513,Överkalix,13,0,0
2020,totalt,2521,Pajala,2514,Kalix,3,0,1
2020,totalt,2521,Pajala,2518,Övertorneå,8,0,0
2020,totalt,2521,Pajala,2521,Pajala,2302,0,0
2020,totalt,2521,Pajala,2523,Gällivare,57,0,0
2020,totalt,2521,Pajala,2560,Älvsbyn,0,0,1
2020,totalt,2521,Pajala,2580,Luleå,50,0,1
2020,totalt,2521,Pajala,2581,Piteå,7,0,1
2020,totalt,2521,Pajala,2582,Boden,7,0,1
2020,totalt,2521,Pajala,2583,Haparanda,9,0,0
2020,totalt,2521,Pajala,2584,Kiruna,167,0,0
2020,totalt,2523,Gällivare,2505,Arvidsjaur,3,0,0
2020,totalt,2523,Gällivare,2506,Arjeplog,0,0,0
2020,totalt,2523,Gällivare,2510,Jokkmokk,26,0,0
2020,totalt,2523,Gällivare,2513,Överkalix,4,0,0
2020,totalt,2523,Gällivare,2514,Kalix,15,0,1
2020,totalt,2523,Gällivare,2518,Övertorneå,3,0,0
2020,totalt,2523,Gällivare,2521,Pajala,9,0,0
2020,totalt,2523,Gällivare,2523,Gällivare,8429,0,0
2020,totalt,2523,Gällivare,2560,Älvsbyn,0,0,1
2020,totalt,2523,Gällivare,2580,Luleå,166,0,1
2020,totalt,2523,Gällivare,2581,Piteå,13,0,1
2020,totalt,2523,Gällivare,2582,Boden,25,0,1
2020,totalt,2523,Gällivare,2583,Haparanda,12,0,0
2020,totalt,2523,Gällivare,2584,Kiruna,248,0,0
2020,totalt,2560,Älvsbyn,2505,Arvidsjaur,93,1,0
2020,totalt,2560,Älvsbyn,2506,Arjeplog,3,1,0
2020,totalt,2560,Älvsbyn,2510,Jokkmokk,13,1,0
2020,totalt,2560,Älvsbyn,2513,Överkalix,0,1,0
2020,totalt,2560,Älvsbyn,2514,Kalix,10,1,1
2020,totalt,2560,Älvsbyn,2518,Övertorneå,3,1,0
2020,totalt,2560,Älvsbyn,2521,Pajala,0,1,0
2020,totalt,2560,Älvsbyn,2523,Gällivare,14,1,0
2020,totalt,2560,Älvsbyn,2560,Älvsbyn,2677,1,1
2020,totalt,2560,Älvsbyn,2580,Luleå,358,1,1
2020,totalt,2560,Älvsbyn,2581,Piteå,340,1,1
2020,totalt,2560,Älvsbyn,2582,Boden,104,1,1
2020,totalt,2560,Älvsbyn,2583,Haparanda,0,1,0
2020,totalt,2560,Älvsbyn,2584,Kiruna,7,1,0
2020,totalt,2580,Luleå,2505,Arvidsjaur,13,1,0
2020,totalt,2580,Luleå,2506,Arjeplog,4,1,0
2020,totalt,2580,Luleå,2510,Jokkmokk,21,1,0
2020,totalt,2580,Luleå,2513,Överkalix,44,1,0
2020,totalt,2580,Luleå,2514,Kalix,233,1,1
2020,totalt,2580,Luleå,2518,Övertorneå,34,1,0
2020,totalt,2580,Luleå,2521,Pajala,50,1,0
2020,totalt,2580,Luleå,2523,Gällivare,128,1,0
2020,totalt,2580,Luleå,2560,Älvsbyn,103,1,1
2020,totalt,2580,Luleå,2580,Luleå,35025,1,1
2020,totalt,2580,Luleå,2581,Piteå,557,1,1
2020,totalt,2580,Luleå,2582,Boden,1114,1,1
2020,totalt,2580,Luleå,2583,Haparanda,33,1,0
2020,totalt,2580,Luleå,2584,Kiruna,103,1,0
2020,totalt,2581,Piteå,2505,Arvidsjaur,40,1,0
2020,totalt,2581,Piteå,2506,Arjeplog,15,1,0
2020,totalt,2581,Piteå,2510,Jokkmokk,18,1,0
2020,totalt,2581,Piteå,2513,Överkalix,14,1,0
2020,totalt,2581,Piteå,2514,Kalix,36,1,1
2020,totalt,2581,Piteå,2518,Övertorneå,3,1,0
2020,totalt,2581,Piteå,2521,Pajala,15,1,0
2020,totalt,2581,Piteå,2523,Gällivare,44,1,0
2020,totalt,2581,Piteå,2560,Älvsbyn,207,1,1
2020,totalt,2581,Piteå,2580,Luleå,2324,1,1
2020,totalt,2581,Piteå,2581,Piteå,16985,1,1
2020,totalt,2581,Piteå,2582,Boden,140,1,1
2020,totalt,2581,Piteå,2583,Haparanda,6,1,0
2020,totalt,2581,Piteå,2584,Kiruna,35,1,0
2020,totalt,2582,Boden,2505,Arvidsjaur,11,1,0
2020,totalt,2582,Boden,2506,Arjeplog,0,1,0
2020,totalt,2582,Boden,2510,Jokkmokk,29,1,0
2020,totalt,2582,Boden,2513,Överkalix,7,1,0
2020,totalt,2582,Boden,2514,Kalix,59,1,1
2020,totalt,2582,Boden,2518,Övertorneå,8,1,0
2020,totalt,2582,Boden,2521,Pajala,4,1,0
2020,totalt,2582,Boden,2523,Gällivare,41,1,0
2020,totalt,2582,Boden,2560,Älvsbyn,66,1,1
2020,totalt,2582,Boden,2580,Luleå,3409,1,1
2020,totalt,2582,Boden,2581,Piteå,84,1,1
2020,totalt,2582,Boden,2582,Boden,9257,1,1
2020,totalt,2582,Boden,2583,Haparanda,8,1,0
2020,totalt,2582,Boden,2584,Kiruna,44,1,0
2020,totalt,2583,Haparanda,2505,Arvidsjaur,0,0,0
2020,totalt,2583,Haparanda,2506,Arjeplog,0,0,0
2020,totalt,2583,Haparanda,2510,Jokkmokk,3,0,0
2020,totalt,2583,Haparanda,2513,Överkalix,17,0,0
2020,totalt,2583,Haparanda,2514,Kalix,207,0,1
2020,totalt,2583,Haparanda,2518,Övertorneå,57,0,0
2020,totalt,2583,Haparanda,2521,Pajala,12,0,0
2020,totalt,2583,Haparanda,2523,Gällivare,10,0,0
2020,totalt,2583,Haparanda,2560,Älvsbyn,4,0,1
2020,totalt,2583,Haparanda,2580,Luleå,105,0,1
2020,totalt,2583,Haparanda,2581,Piteå,9,0,1
2020,totalt,2583,Haparanda,2582,Boden,13,0,1
2020,totalt,2583,Haparanda,2583,Haparanda,3291,0,0
2020,totalt,2583,Haparanda,2584,Kiruna,42,0,0
2020,totalt,2584,Kiruna,2505,Arvidsjaur,0,0,0
2020,totalt,2584,Kiruna,2506,Arjeplog,0,0,0
2020,totalt,2584,Kiruna,2510,Jokkmokk,8,0,0
2020,totalt,2584,Kiruna,2513,Överkalix,0,0,0
2020,totalt,2584,Kiruna,2514,Kalix,9,0,1
2020,totalt,2584,Kiruna,2518,Övertorneå,4,0,0
2020,totalt,2584,Kiruna,2521,Pajala,41,0,0
2020,totalt,2584,Kiruna,2523,Gällivare,103,0,0
2020,totalt,2584,Kiruna,2560,Älvsbyn,0,0,1
2020,totalt,2584,Kiruna,2580,Luleå,139,0,1
2020,totalt,2584,Kiruna,2581,Piteå,18,0,1
2020,totalt,2584,Kiruna,2582,Boden,31,0,1
2020,totalt,2584,Kiruna,2583,Haparanda,3,0,0
2020,totalt,2584,Kiruna,2584,Kiruna,11347,0,0
2021,kvinnor,2505,Arvidsjaur,2505,Arvidsjaur,1223,0,0
2021,kvinnor,2505,Arvidsjaur,2506,Arjeplog,20,0,0
2021,kvinnor,2505,Arvidsjaur,2510,Jokkmokk,4,0,0
2021,kvinnor,2505,Arvidsjaur,2513,Överkalix,0,0,0
2021,kvinnor,2505,Arvidsjaur,2514,Kalix,0,0,1
2021,kvinnor,2505,Arvidsjaur,2518,Övertorneå,0,0,0
2021,kvinnor,2505,Arvidsjaur,2521,Pajala,0,0,0
2021,kvinnor,2505,Arvidsjaur,2523,Gällivare,0,0,0
2021,kvinnor,2505,Arvidsjaur,2560,Älvsbyn,10,0,1
2021,kvinnor,2505,Arvidsjaur,2580,Luleå,6,0,1
2021,kvinnor,2505,Arvidsjaur,2581,Piteå,12,0,1
2021,kvinnor,2505,Arvidsjaur,2582,Boden,35,0,1
2021,kvinnor,2505,Arvidsjaur,2583,Haparanda,0,0,0
2021,kvinnor,2505,Arvidsjaur,2584,Kiruna,3,0,0
2021,kvinnor,2506,Arjeplog,2505,Arvidsjaur,8,0,0
2021,kvinnor,2506,Arjeplog,2506,Arjeplog,585,0,0
2021,kvinnor,2506,Arjeplog,2510,Jokkmokk,0,0,0
2021,kvinnor,2506,Arjeplog,2513,Överkalix,0,0,0
2021,kvinnor,2506,Arjeplog,2514,Kalix,0,0,1
2021,kvinnor,2506,Arjeplog,2518,Övertorneå,0,0,0
2021,kvinnor,2506,Arjeplog,2521,Pajala,0,0,0
2021,kvinnor,2506,Arjeplog,2523,Gällivare,3,0,0
2021,kvinnor,2506,Arjeplog,2560,Älvsbyn,0,0,1
2021,kvinnor,2506,Arjeplog,2580,Luleå,3,0,1
2021,kvinnor,2506,Arjeplog,2581,Piteå,3,0,1
2021,kvinnor,2506,Arjeplog,2582,Boden,0,0,1
2021,kvinnor,2506,Arjeplog,2583,Haparanda,0,0,0
2021,kvinnor,2506,Arjeplog,2584,Kiruna,3,0,0
2021,kvinnor,2510,Jokkmokk,2505,Arvidsjaur,0,0,0
2021,kvinnor,2510,Jokkmokk,2506,Arjeplog,0,0,0
2021,kvinnor,2510,Jokkmokk,2510,Jokkmokk,1013,0,0
2021,kvinnor,2510,Jokkmokk,2513,Överkalix,0,0,0
2021,kvinnor,2510,Jokkmokk,2514,Kalix,0,0,1
2021,kvinnor,2510,Jokkmokk,2518,Övertorneå,0,0,0
2021,kvinnor,2510,Jokkmokk,2521,Pajala,0,0,0
2021,kvinnor,2510,Jokkmokk,2523,Gällivare,65,0,0
2021,kvinnor,2510,Jokkmokk,2560,Älvsbyn,3,0,1
2021,kvinnor,2510,Jokkmokk,2580,Luleå,27,0,1
2021,kvinnor,2510,Jokkmokk,2581,Piteå,6,0,1
2021,kvinnor,2510,Jokkmokk,2582,Boden,14,0,1
2021,kvinnor,2510,Jokkmokk,2583,Haparanda,0,0,0
2021,kvinnor,2510,Jokkmokk,2584,Kiruna,15,0,0
2021,kvinnor,2513,Överkalix,2505,Arvidsjaur,0,0,0
2021,kvinnor,2513,Överkalix,2506,Arjeplog,0,0,0
2021,kvinnor,2513,Överkalix,2510,Jokkmokk,0,0,0
2021,kvinnor,2513,Överkalix,2513,Överkalix,570,0,0
2021,kvinnor,2513,Överkalix,2514,Kalix,14,0,1
2021,kvinnor,2513,Överkalix,2518,Övertorneå,15,0,0
2021,kvinnor,2513,Överkalix,2521,Pajala,3,0,0
2021,kvinnor,2513,Överkalix,2523,Gällivare,10,0,0
2021,kvinnor,2513,Överkalix,2560,Älvsbyn,0,0,1
2021,kvinnor,2513,Överkalix,2580,Luleå,31,0,1
2021,kvinnor,2513,Överkalix,2581,Piteå,4,0,1
2021,kvinnor,2513,Överkalix,2582,Boden,3,0,1
2021,kvinnor,2513,Överkalix,2583,Haparanda,0,0,0
2021,kvinnor,2513,Överkalix,2584,Kiruna,0,0,0
2021,kvinnor,2514,Kalix,2505,Arvidsjaur,0,1,0
2021,kvinnor,2514,Kalix,2506,Arjeplog,0,1,0
2021,kvinnor,2514,Kalix,2510,Jokkmokk,3,1,0
2021,kvinnor,2514,Kalix,2513,Överkalix,22,1,0
2021,kvinnor,2514,Kalix,2514,Kalix,2998,1,1
2021,kvinnor,2514,Kalix,2518,Övertorneå,14,1,0
2021,kvinnor,2514,Kalix,2521,Pajala,4,1,0
2021,kvinnor,2514,Kalix,2523,Gällivare,4,1,0
2021,kvinnor,2514,Kalix,2560,Älvsbyn,4,1,1
2021,kvinnor,2514,Kalix,2580,Luleå,226,1,1
2021,kvinnor,2514,Kalix,2581,Piteå,6,1,1
2021,kvinnor,2514,Kalix,2582,Boden,23,1,1
2021,kvinnor,2514,Kalix,2583,Haparanda,86,1,0
2021,kvinnor,2514,Kalix,2584,Kiruna,4,1,0
2021,kvinnor,2518,Övertorneå,2505,Arvidsjaur,0,0,0
2021,kvinnor,2518,Övertorneå,2506,Arjeplog,0,0,0
2021,kvinnor,2518,Övertorneå,2510,Jokkmokk,0,0,0
2021,kvinnor,2518,Övertorneå,2513,Överkalix,14,0,0
2021,kvinnor,2518,Övertorneå,2514,Kalix,13,0,1
2021,kvinnor,2518,Övertorneå,2518,Övertorneå,719,0,0
2021,kvinnor,2518,Övertorneå,2521,Pajala,20,0,0
2021,kvinnor,2518,Övertorneå,2523,Gällivare,5,0,0
2021,kvinnor,2518,Övertorneå,2560,Älvsbyn,0,0,1
2021,kvinnor,2518,Övertorneå,2580,Luleå,20,0,1
2021,kvinnor,2518,Övertorneå,2581,Piteå,0,0,1
2021,kvinnor,2518,Övertorneå,2582,Boden,3,0,1
2021,kvinnor,2518,Övertorneå,2583,Haparanda,17,0,0
2021,kvinnor,2518,Övertorneå,2584,Kiruna,7,0,0
2021,kvinnor,2521,Pajala,2505,Arvidsjaur,0,0,0
2021,kvinnor,2521,Pajala,2506,Arjeplog,0,0,0
2021,kvinnor,2521,Pajala,2510,Jokkmokk,0,0,0
2021,kvinnor,2521,Pajala,2513,Överkalix,10,0,0
2021,kvinnor,2521,Pajala,2514,Kalix,0,0,1
2021,kvinnor,2521,Pajala,2518,Övertorneå,3,0,0
2021,kvinnor,2521,Pajala,2521,Pajala,1057,0,0
2021,kvinnor,2521,Pajala,2523,Gällivare,17,0,0
2021,kvinnor,2521,Pajala,2560,Älvsbyn,3,0,1
2021,kvinnor,2521,Pajala,2580,Luleå,18,0,1
2021,kvinnor,2521,Pajala,2581,Piteå,0,0,1
2021,kvinnor,2521,Pajala,2582,Boden,8,0,1
2021,kvinnor,2521,Pajala,2583,Haparanda,3,0,0
2021,kvinnor,2521,Pajala,2584,Kiruna,52,0,0
2021,kvinnor,2523,Gällivare,2505,Arvidsjaur,0,0,0
2021,kvinnor,2523,Gällivare,2506,Arjeplog,0,0,0
2021,kvinnor,2523,Gällivare,2510,Jokkmokk,20,0,0
2021,kvinnor,2523,Gällivare,2513,Överkalix,3,0,0
2021,kvinnor,2523,Gällivare,2514,Kalix,14,0,1
2021,kvinnor,2523,Gällivare,2518,Övertorneå,0,0,0
2021,kvinnor,2523,Gällivare,2521,Pajala,7,0,0
2021,kvinnor,2523,Gällivare,2523,Gällivare,3928,0,0
2021,kvinnor,2523,Gällivare,2560,Älvsbyn,3,0,1
2021,kvinnor,2523,Gällivare,2580,Luleå,75,0,1
2021,kvinnor,2523,Gällivare,2581,Piteå,11,0,1
2021,kvinnor,2523,Gällivare,2582,Boden,5,0,1
2021,kvinnor,2523,Gällivare,2583,Haparanda,3,0,0
2021,kvinnor,2523,Gällivare,2584,Kiruna,70,0,0
2021,kvinnor,2560,Älvsbyn,2505,Arvidsjaur,24,1,0
2021,kvinnor,2560,Älvsbyn,2506,Arjeplog,0,1,0
2021,kvinnor,2560,Älvsbyn,2510,Jokkmokk,3,1,0
2021,kvinnor,2560,Älvsbyn,2513,Överkalix,0,1,0
2021,kvinnor,2560,Älvsbyn,2514,Kalix,0,1,1
2021,kvinnor,2560,Älvsbyn,2518,Övertorneå,0,1,0
2021,kvinnor,2560,Älvsbyn,2521,Pajala,0,1,0
2021,kvinnor,2560,Älvsbyn,2523,Gällivare,6,1,0
2021,kvinnor,2560,Älvsbyn,2560,Älvsbyn,1359,1,1
2021,kvinnor,2560,Älvsbyn,2580,Luleå,105,1,1
2021,kvinnor,2560,Älvsbyn,2581,Piteå,137,1,1
2021,kvinnor,2560,Älvsbyn,2582,Boden,40,1,1
2021,kvinnor,2560,Älvsbyn,2583,Haparanda,0,1,0
2021,kvinnor,2560,Älvsbyn,2584,Kiruna,3,1,0
2021,kvinnor,2580,Luleå,2505,Arvidsjaur,6,1,0
2021,kvinnor,2580,Luleå,2506,Arjeplog,0,1,0
2021,kvinnor,2580,Luleå,2510,Jokkmokk,7,1,0
2021,kvinnor,2580,Luleå,2513,Överkalix,16,1,0
2021,kvinnor,2580,Luleå,2514,Kalix,93,1,1
2021,kvinnor,2580,Luleå,2518,Övertorneå,9,1,0
2021,kvinnor,2580,Luleå,2521,Pajala,18,1,0
2021,kvinnor,2580,Luleå,2523,Gällivare,44,1,0
2021,kvinnor,2580,Luleå,2560,Älvsbyn,36,1,1
2021,kvinnor,2580,Luleå,2580,Luleå,17387,1,1
2021,kvinnor,2580,Luleå,2581,Piteå,202,1,1
2021,kvinnor,2580,Luleå,2582,Boden,466,1,1
2021,kvinnor,2580,Luleå,2583,Haparanda,12,1,0
2021,kvinnor,2580,Luleå,2584,Kiruna,33,1,0
2021,kvinnor,2581,Piteå,2505,Arvidsjaur,15,1,0
2021,kvinnor,2581,Piteå,2506,Arjeplog,6,1,0
2021,kvinnor,2581,Piteå,2510,Jokkmokk,11,1,0
2021,kvinnor,2581,Piteå,2513,Överkalix,3,1,0
2021,kvinnor,2581,Piteå,2514,Kalix,14,1,1
2021,kvinnor,2581,Piteå,2518,Övertorneå,0,1,0
2021,kvinnor,2581,Piteå,2521,Pajala,3,1,0
2021,kvinnor,2581,Piteå,2523,Gällivare,15,1,0
2021,kvinnor,2581,Piteå,2560,Älvsbyn,81,1,1
2021,kvinnor,2581,Piteå,2580,Luleå,957,1,1
2021,kvinnor,2581,Piteå,2581,Piteå,8431,1,1
2021,kvinnor,2581,Piteå,2582,Boden,43,1,1
2021,kvinnor,2581,Piteå,2583,Haparanda,3,1,0
2021,kvinnor,2581,Piteå,2584,Kiruna,6,1,0
2021,kvinnor,2582,Boden,2505,Arvidsjaur,3,1,0
2021,kvinnor,2582,Boden,2506,Arjeplog,0,1,0
2021,kvinnor,2582,Boden,2510,Jokkmokk,12,1,0
2021,kvinnor,2582,Boden,2513,Överkalix,3,1,0
2021,kvinnor,2582,Boden,2514,Kalix,19,1,1
2021,kvinnor,2582,Boden,2518,Övertorneå,7,1,0
2021,kvinnor,2582,Boden,2521,Pajala,3,1,0
2021,kvinnor,2582,Boden,2523,Gällivare,19,1,0
2021,kvinnor,2582,Boden,2560,Älvsbyn,27,1,1
2021,kvinnor,2582,Boden,2580,Luleå,1628,1,1
2021,kvinnor,2582,Boden,2581,Piteå,27,1,1
2021,kvinnor,2582,Boden,2582,Boden,4589,1,1
2021,kvinnor,2582,Boden,2583,Haparanda,0,1,0
2021,kvinnor,2582,Boden,2584,Kiruna,7,1,0
2021,kvinnor,2583,Haparanda,2505,Arvidsjaur,0,0,0
2021,kvinnor,2583,Haparanda,2506,Arjeplog,0,0,0
2021,kvinnor,2583,Haparanda,2510,Jokkmokk,0,0,0
2021,kvinnor,2583,Haparanda,2513,Överkalix,3,0,0
2021,kvinnor,2583,Haparanda,2514,Kalix,83,0,1
2021,kvinnor,2583,Haparanda,2518,Övertorneå,21,0,0
2021,kvinnor,2583,Haparanda,2521,Pajala,3,0,0
2021,kvinnor,2583,Haparanda,2523,Gällivare,3,0,0
2021,kvinnor,2583,Haparanda,2560,Älvsbyn,0,0,1
2021,kvinnor,2583,Haparanda,2580,Luleå,26,0,1
2021,kvinnor,2583,Haparanda,2581,Piteå,3,0,1
2021,kvinnor,2583,Haparanda,2582,Boden,0,0,1
2021,kvinnor,2583,Haparanda,2583,Haparanda,1684,0,0
2021,kvinnor,2583,Haparanda,2584,Kiruna,6,0,0
2021,kvinnor,2584,Kiruna,2505,Arvidsjaur,0,0,0
2021,kvinnor,2584,Kiruna,2506,Arjeplog,0,0,0
2021,kvinnor,2584,Kiruna,2510,Jokkmokk,3,0,0
2021,kvinnor,2584,Kiruna,2513,Överkalix,0,0,0
2021,kvinnor,2584,Kiruna,2514,Kalix,0,0,1
2021,kvinnor,2584,Kiruna,2518,Övertorneå,3,0,0
2021,kvinnor,2584,Kiruna,2521,Pajala,13,0,0
2021,kvinnor,2584,Kiruna,2523,Gällivare,44,0,0
2021,kvinnor,2584,Kiruna,2560,Älvsbyn,0,0,1
2021,kvinnor,2584,Kiruna,2580,Luleå,61,0,1
2021,kvinnor,2584,Kiruna,2581,Piteå,12,0,1
2021,kvinnor,2584,Kiruna,2582,Boden,7,0,1
2021,kvinnor,2584,Kiruna,2583,Haparanda,3,0,0
2021,kvinnor,2584,Kiruna,2584,Kiruna,5307,0,0
2021,män,2505,Arvidsjaur,2505,Arvidsjaur,1152,0,0
2021,män,2505,Arvidsjaur,2506,Arjeplog,59,0,0
2021,män,2505,Arvidsjaur,2510,Jokkmokk,3,0,0
2021,män,2505,Arvidsjaur,2513,Överkalix,0,0,0
2021,män,2505,Arvidsjaur,2514,Kalix,8,0,1
2021,män,2505,Arvidsjaur,2518,Övertorneå,0,0,0
2021,män,2505,Arvidsjaur,2521,Pajala,0,0,0
2021,män,2505,Arvidsjaur,2523,Gällivare,9,0,0
2021,män,2505,Arvidsjaur,2560,Älvsbyn,24,0,1
2021,män,2505,Arvidsjaur,2580,Luleå,20,0,1
2021,män,2505,Arvidsjaur,2581,Piteå,49,0,1
2021,män,2505,Arvidsjaur,2582,Boden,138,0,1
2021,män,2505,Arvidsjaur,2583,Haparanda,3,0,0
2021,män,2505,Arvidsjaur,2584,Kiruna,5,0,0
2021,män,2506,Arjeplog,2505,Arvidsjaur,8,0,0
2021,män,2506,Arjeplog,2506,Arjeplog,658,0,0
2021,män,2506,Arjeplog,2510,Jokkmokk,0,0,0
2021,män,2506,Arjeplog,2513,Överkalix,0,0,0
2021,män,2506,Arjeplog,2514,Kalix,0,0,1
2021,män,2506,Arjeplog,2518,Övertorneå,0,0,0
2021,män,2506,Arjeplog,2521,Pajala,0,0,0
2021,män,2506,Arjeplog,2523,Gällivare,7,0,0
2021,män,2506,Arjeplog,2560,Älvsbyn,0,0,1
2021,män,2506,Arjeplog,2580,Luleå,19,0,1
2021,män,2506,Arjeplog,2581,Piteå,3,0,1
2021,män,2506,Arjeplog,2582,Boden,3,0,1
2021,män,2506,Arjeplog,2583,Haparanda,0,0,0
2021,män,2506,Arjeplog,2584,Kiruna,5,0,0
2021,män,2510,Jokkmokk,2505,Arvidsjaur,3,0,0
2021,män,2510,Jokkmokk,2506,Arjeplog,3,0,0
2021,män,2510,Jokkmokk,2510,Jokkmokk,1037,0,0
2021,män,2510,Jokkmokk,2513,Överkalix,3,0,0
2021,män,2510,Jokkmokk,2514,Kalix,0,0,1
2021,män,2510,Jokkmokk,2518,Övertorneå,0,0,0
2021,män,2510,Jokkmokk,2521,Pajala,0,0,0
2021,män,2510,Jokkmokk,2523,Gällivare,135,0,0
2021,män,2510,Jokkmokk,2560,Älvsbyn,3,0,1
2021,män,2510,Jokkmokk,2580,Luleå,33,0,1
2021,män,2510,Jokkmokk,2581,Piteå,11,0,1
2021,män,2510,Jokkmokk,2582,Boden,33,0,1
2021,män,2510,Jokkmokk,2583,Haparanda,6,0,0
2021,män,2510,Jokkmokk,2584,Kiruna,18,0,0
2021,män,2513,Överkalix,2505,Arvidsjaur,0,0,0
2021,män,2513,Överkalix,2506,Arjeplog,0,0,0
2021,män,2513,Överkalix,2510,Jokkmokk,0,0,0
2021,män,2513,Överkalix,2513,Överkalix,651,0,0
2021,män,2513,Överkalix,2514,Kalix,13,0,1
2021,män,2513,Överkalix,2518,Övertorneå,11,0,0
2021,män,2513,Överkalix,2521,Pajala,10,0,0
2021,män,2513,Överkalix,2523,Gällivare,27,0,0
2021,män,2513,Överkalix,2560,Älvsbyn,7,0,1
2021,män,2513,Överkalix,2580,Luleå,45,0,1
2021,män,2513,Överkalix,2581,Piteå,11,0,1
2021,män,2513,Överkalix,2582,Boden,7,0,1
2021,män,2513,Överkalix,2583,Haparanda,3,0,0
2021,män,2513,Överkalix,2584,Kiruna,12,0,0
2021,män,2514,Kalix,2505,Arvidsjaur,4,1,0
2021,män,2514,Kalix,2506,Arjeplog,0,1,0
2021,män,2514,Kalix,2510,Jokkmokk,0,1,0
2021,män,2514,Kalix,2513,Överkalix,44,1,0
2021,män,2514,Kalix,2514,Kalix,3131,1,1
2021,män,2514,Kalix,2518,Övertorneå,11,1,0
2021,män,2514,Kalix,2521,Pajala,4,1,0
2021,män,2514,Kalix,2523,Gällivare,30,1,0
2021,män,2514,Kalix,2560,Älvsbyn,11,1,1
2021,män,2514,Kalix,2580,Luleå,473,1,1
2021,män,2514,Kalix,2581,Piteå,22,1,1
2021,män,2514,Kalix,2582,Boden,62,1,1
2021,män,2514,Kalix,2583,Haparanda,71,1,0
2021,män,2514,Kalix,2584,Kiruna,28,1,0
2021,män,2518,Övertorneå,2505,Arvidsjaur,0,0,0
2021,män,2518,Övertorneå,2506,Arjeplog,0,0,0
2021,män,2518,Övertorneå,2510,Jokkmokk,0,0,0
2021,män,2518,Övertorneå,2513,Överkalix,15,0,0
2021,män,2518,Övertorneå,2514,Kalix,21,0,1
2021,män,2518,Övertorneå,2518,Övertorneå,823,0,0
2021,män,2518,Övertorneå,2521,Pajala,34,0,0
2021,män,2518,Övertorneå,2523,Gällivare,10,0,0
2021,män,2518,Övertorneå,2560,Älvsbyn,3,0,1
2021,män,2518,Övertorneå,2580,Luleå,44,0,1
2021,män,2518,Övertorneå,2581,Piteå,3,0,1
2021,män,2518,Övertorneå,2582,Boden,3,0,1
2021,män,2518,Övertorneå,2583,Haparanda,19,0,0
2021,män,2518,Övertorneå,2584,Kiruna,30,0,0
2021,män,2521,Pajala,2505,Arvidsjaur,0,0,0
2021,män,2521,Pajala,2506,Arjeplog,0,0,0
2021,män,2521,Pajala,2510,Jokkmokk,0,0,0
2021,män,2521,Pajala,2513,Överkalix,8,0,0
2021,män,2521,Pajala,2514,Kalix,3,0,1
2021,män,2521,Pajala,2518,Övertorneå,4,0,0
2021,män,2521,Pajala,2521,Pajala,1259,0,0
2021,män,2521,Pajala,2523,Gällivare,54,0,0
2021,män,2521,Pajala,2560,Älvsbyn,0,0,1
2021,män,2521,Pajala,2580,Luleå,30,0,1
2021,män,2521,Pajala,2581,Piteå,3,0,1
2021,män,2521,Pajala,2582,Boden,11,0,1
2021,män,2521,Pajala,2583,Haparanda,3,0,0
2021,män,2521,Pajala,2584,Kiruna,121,0,0
2021,män,2523,Gällivare,2505,Arvidsjaur,3,0,0
2021,män,2523,Gällivare,2506,Arjeplog,0,0,0
2021,män,2523,Gällivare,2510,Jokkmokk,8,0,0
2021,män,2523,Gällivare,2513,Överkalix,4,0,0
2021,män,2523,Gällivare,2514,Kalix,12,0,1
2021,män,2523,Gällivare,2518,Övertorneå,3,0,0
2021,män,2523,Gällivare,2521,Pajala,9,0,0
2021,män,2523,Gällivare,2523,Gällivare,4530,0,0
2021,män,2523,Gällivare,2560,Älvsbyn,0,0,1
2021,män,2523,Gällivare,2580,Luleå,82,0,1
2021,män,2523,Gällivare,2581,Piteå,15,0,1
2021,män,2523,Gällivare,2582,Boden,22,0,1
2021,män,2523,Gällivare,2583,Haparanda,4,0,0
2021,män,2523,Gällivare,2584,Kiruna,129,0,0
2021,män,2560,Älvsbyn,2505,Arvidsjaur,71,1,0
2021,män,2560,Älvsbyn,2506,Arjeplog,0,1,0
2021,män,2560,Älvsbyn,2510,Jokkmokk,6,1,0
2021,män,2560,Älvsbyn,2513,Överkalix,0,1,0
2021,män,2560,Älvsbyn,2514,Kalix,12,1,1
2021,män,2560,Älvsbyn,2518,Övertorneå,4,1,0
2021,män,2560,Älvsbyn,2521,Pajala,0,1,0
2021,män,2560,Älvsbyn,2523,Gällivare,10,1,0
2021,män,2560,Älvsbyn,2560,Älvsbyn,1261,1,1
2021,män,2560,Älvsbyn,2580,Luleå,286,1,1
2021,män,2560,Älvsbyn,2581,Piteå,238,1,1
2021,män,2560,Älvsbyn,2582,Boden,81,1,1
2021,män,2560,Älvsbyn,2583,Haparanda,0,1,0
2021,män,2560,Älvsbyn,2584,Kiruna,3,1,0
2021,män,2580,Luleå,2505,Arvidsjaur,8,1,0
2021,män,2580,Luleå,2506,Arjeplog,3,1,0
2021,män,2580,Luleå,2510,Jokkmokk,15,1,0
2021,män,2580,Luleå,2513,Överkalix,35,1,0
2021,män,2580,Luleå,2514,Kalix,141,1,1
2021,män,2580,Luleå,2518,Övertorneå,26,1,0
2021,män,2580,Luleå,2521,Pajala,30,1,0
2021,män,2580,Luleå,2523,Gällivare,82,1,0
2021,män,2580,Luleå,2560,Älvsbyn,67,1,1
2021,män,2580,Luleå,2580,Luleå,18083,1,1
2021,män,2580,Luleå,2581,Piteå,372,1,1
2021,män,2580,Luleå,2582,Boden,636,1,1
2021,män,2580,Luleå,2583,Haparanda,25,1,0
2021,män,2580,Luleå,2584,Kiruna,86,1,0
2021,män,2581,Piteå,2505,Arvidsjaur,30,1,0
2021,män,2581,Piteå,2506,Arjeplog,7,1,0
2021,män,2581,Piteå,2510,Jokkmokk,7,1,0
2021,män,2581,Piteå,2513,Överkalix,9,1,0
2021,män,2581,Piteå,2514,Kalix,22,1,1
2021,män,2581,Piteå,2518,Övertorneå,0,1,0
2021,män,2581,Piteå,2521,Pajala,9,1,0
2021,män,2581,Piteå,2523,Gällivare,36,1,0
2021,män,2581,Piteå,2560,Älvsbyn,108,1,1
2021,män,2581,Piteå,2580,Luleå,1441,1,1
2021,män,2581,Piteå,2581,Piteå,8723,1,1
2021,män,2581,Piteå,2582,Boden,102,1,1
2021,män,2581,Piteå,2583,Haparanda,4,1,0
2021,män,2581,Piteå,2584,Kiruna,23,1,0
2021,män,2582,Boden,2505,Arvidsjaur,3,1,0
2021,män,2582,Boden,2506,Arjeplog,3,1,0
2021,män,2582,Boden,2510,Jokkmokk,14,1,0
2021,män,2582,Boden,2513,Överkalix,8,1,0
2021,män,2582,Boden,2514,Kalix,41,1,1
2021,män,2582,Boden,2518,Övertorneå,3,1,0
2021,män,2582,Boden,2521,Pajala,5,1,0
2021,män,2582,Boden,2523,Gällivare,32,1,0
2021,män,2582,Boden,2560,Älvsbyn,46,1,1
2021,män,2582,Boden,2580,Luleå,1833,1,1
2021,män,2582,Boden,2581,Piteå,55,1,1
2021,män,2582,Boden,2582,Boden,4787,1,1
2021,män,2582,Boden,2583,Haparanda,7,1,0
2021,män,2582,Boden,2584,Kiruna,39,1,0
2021,män,2583,Haparanda,2505,Arvidsjaur,0,0,0
2021,män,2583,Haparanda,2506,Arjeplog,0,0,0
2021,män,2583,Haparanda,2510,Jokkmokk,5,0,0
2021,män,2583,Haparanda,2513,Överkalix,11,0,0
2021,män,2583,Haparanda,2514,Kalix,138,0,1
2021,män,2583,Haparanda,2518,Övertorneå,32,0,0
2021,män,2583,Haparanda,2521,Pajala,9,0,0
2021,män,2583,Haparanda,2523,Gällivare,8,0,0
2021,män,2583,Haparanda,2560,Älvsbyn,5,0,1
2021,män,2583,Haparanda,2580,Luleå,77,0,1
2021,män,2583,Haparanda,2581,Piteå,10,0,1
2021,män,2583,Haparanda,2582,Boden,13,0,1
2021,män,2583,Haparanda,2583,Haparanda,1662,0,0
2021,män,2583,Haparanda,2584,Kiruna,34,0,0
2021,män,2584,Kiruna,2505,Arvidsjaur,0,0,0
2021,män,2584,Kiruna,2506,Arjeplog,0,0,0
2021,män,2584,Kiruna,2510,Jokkmokk,6,0,0
2021,män,2584,Kiruna,2513,Överkalix,0,0,0
2021,män,2584,Kiruna,2514,Kalix,3,0,1
2021,män,2584,Kiruna,2518,Övertorneå,3,0,0
2021,män,2584,Kiruna,2521,Pajala,15,0,0
2021,män,2584,Kiruna,2523,Gällivare,67,0,0
2021,män,2584,Kiruna,2560,Älvsbyn,0,0,1
2021,män,2584,Kiruna,2580,Luleå,76,0,1
2021,män,2584,Kiruna,2581,Piteå,8,0,1
2021,män,2584,Kiruna,2582,Boden,21,0,1
2021,män,2584,Kiruna,2583,Haparanda,4,0,0
2021,män,2584,Kiruna,2584,Kiruna,6243,0,0
2021,totalt,2505,Arvidsjaur,2505,Arvidsjaur,2373,0,0
2021,totalt,2505,Arvidsjaur,2506,Arjeplog,75,0,0
2021,totalt,2505,Arvidsjaur,2510,Jokkmokk,6,0,0
2021,totalt,2505,Arvidsjaur,2513,Överkalix,0,0,0
2021,totalt,2505,Arvidsjaur,2514,Kalix,9,0,1
2021,totalt,2505,Arvidsjaur,2518,Övertorneå,0,0,0
2021,totalt,2505,Arvidsjaur,2521,Pajala,0,0,0
2021,totalt,2505,Arvidsjaur,2523,Gällivare,11,0,0
2021,totalt,2505,Arvidsjaur,2560,Älvsbyn,31,0,1
2021,totalt,2505,Arvidsjaur,2580,Luleå,26,0,1
2021,totalt,2505,Arvidsjaur,2581,Piteå,63,0,1
2021,totalt,2505,Arvidsjaur,2582,Boden,171,0,1
2021,totalt,2505,Arvidsjaur,2583,Haparanda,3,0,0
2021,totalt,2505,Arvidsjaur,2584,Kiruna,9,0,0
2021,totalt,2506,Arjeplog,2505,Arvidsjaur,21,0,0
2021,totalt,2506,Arjeplog,2506,Arjeplog,1242,0,0
2021,totalt,2506,Arjeplog,2510,Jokkmokk,0,0,0
2021,totalt,2506,Arjeplog,2513,Överkalix,0,0,0
2021,totalt,2506,Arjeplog,2514,Kalix,0,0,1
2021,totalt,2506,Arjeplog,2518,Övertorneå,0,0,0
2021,totalt,2506,Arjeplog,2521,Pajala,0,0,0
2021,totalt,2506,Arjeplog,2523,Gällivare,10,0,0
2021,totalt,2506,Arjeplog,2560,Älvsbyn,0,0,1
2021,totalt,2506,Arjeplog,2580,Luleå,25,0,1
2021,totalt,2506,Arjeplog,2581,Piteå,7,0,1
2021,totalt,2506,Arjeplog,2582,Boden,3,0,1
2021,totalt,2506,Arjeplog,2583,Haparanda,0,0,0
2021,totalt,2506,Arjeplog,2584,Kiruna,3,0,0
2021,totalt,2510,Jokkmokk,2505,Arvidsjaur,3,0,0
2021,totalt,2510,Jokkmokk,2506,Arjeplog,3,0,0
2021,totalt,2510,Jokkmokk,2510,Jokkmokk,2049,0,0
2021,totalt,2510,Jokkmokk,2513,Överkalix,3,0,0
2021,totalt,2510,Jokkmokk,2514,Kalix,0,0,1
2021,totalt,2510,Jokkmokk,2518,Övertorneå,0,0,0
2021,totalt,2510,Jokkmokk,2521,Pajala,0,0,0
2021,totalt,2510,Jokkmokk,2523,Gällivare,204,0,0
2021,totalt,2510,Jokkmokk,2560,Älvsbyn,5,0,1
2021,totalt,2510,Jokkmokk,2580,Luleå,62,0,1
2021,totalt,2510,Jokkmokk,2581,Piteå,15,0,1
2021,totalt,2510,Jokkmokk,2582,Boden,42,0,1
2021,totalt,2510,Jokkmokk,2583,Haparanda,6,0,0
2021,totalt,2510,Jokkmokk,2584,Kiruna,30,0,0
2021,totalt,2513,Överkalix,2505,Arvidsjaur,0,0,0
2021,totalt,2513,Överkalix,2506,Arjeplog,0,0,0
2021,totalt,2513,Överkalix,2510,Jokkmokk,0,0,0
2021,totalt,2513,Överkalix,2513,Överkalix,1221,0,0
2021,totalt,2513,Överkalix,2514,Kalix,25,0,1
2021,totalt,2513,Överkalix,2518,Övertorneå,24,0,0
2021,totalt,2513,Överkalix,2521,Pajala,11,0,0
2021,totalt,2513,Överkalix,2523,Gällivare,39,0,0
2021,totalt,2513,Överkalix,2560,Älvsbyn,7,0,1
2021,totalt,2513,Överkalix,2580,Luleå,77,0,1
2021,totalt,2513,Överkalix,2581,Piteå,15,0,1
2021,totalt,2513,Överkalix,2582,Boden,7,0,1
2021,totalt,2513,Överkalix,2583,Haparanda,3,0,0
2021,totalt,2513,Överkalix,2584,Kiruna,12,0,0
2021,totalt,2514,Kalix,2505,Arvidsjaur,3,1,0
2021,totalt,2514,Kalix,2506,Arjeplog,0,1,0
2021,totalt,2514,Kalix,2510,Jokkmokk,0,1,0
2021,totalt,2514,Kalix,2513,Överkalix,65,1,0
2021,totalt,2514,Kalix,2514,Kalix,6127,1,1
2021,totalt,2514,Kalix,2518,Övertorneå,24,1,0
2021,totalt,2514,Kalix,2521,Pajala,11,1,0
2021,totalt,2514,Kalix,2523,Gällivare,34,1,0
2021,totalt,2514,Kalix,2560,Älvsbyn,16,1,1
2021,totalt,2514,Kalix,2580,Luleå,699,1,1
2021,totalt,2514,Kalix,2581,Piteå,26,1,1
2021,totalt,2514,Kalix,2582,Boden,86,1,1
2021,totalt,2514,Kalix,2583,Haparanda,160,1,0
2021,totalt,2514,Kalix,2584,Kiruna,31,1,0
2021,totalt,2518,Övertorneå,2505,Arvidsjaur,0,0,0
2021,totalt,2518,Övertorneå,2506,Arjeplog,0,0,0
2021,totalt,2518,Övertorneå,2510,Jokkmokk,0,0,0
2021,totalt,2518,Övertorneå,2513,Överkalix,28,0,0
2021,totalt,2518,Övertorneå,2514,Kalix,32,0,1
2021,totalt,2518,Övertorneå,2518,Övertorneå,1543,0,0
2021,totalt,2518,Övertorneå,2521,Pajala,56,0,0
2021,totalt,2518,Övertorneå,2523,Gällivare,16,0,0
2021,totalt,2518,Övertorneå,2560,Älvsbyn,3,0,1
2021,totalt,2518,Övertorneå,2580,Luleå,62,0,1
2021,totalt,2518,Övertorneå,2581,Piteå,3,0,1
2021,totalt,2518,Övertorneå,2582,Boden,5,0,1
2021,totalt,2518,Övertorneå,2583,Haparanda,38,0,0
2021,totalt,2518,Övertorneå,2584,Kiruna,36,0,0
2021,totalt,2521,Pajala,2505,Arvidsjaur,0,0,0
2021,totalt,2521,Pajala,2506,Arjeplog,0,0,0
2021,totalt,2521,Pajala,2510,Jokkmokk,0,0,0
2021,totalt,2521,Pajala,2513,Överkalix,18,0,0
2021,totalt,2521,Pajala,2514,Kalix,3,0,1
2021,totalt,2521,Pajala,2518,Övertorneå,10,0,0
2021,totalt,2521,Pajala,2521,Pajala,2313,0,0
2021,totalt,2521,Pajala,2523,Gällivare,68,0,0
2021,totalt,2521,Pajala,2560,Älvsbyn,3,0,1
2021,totalt,2521,Pajala,2580,Luleå,46,0,1
2021,totalt,2521,Pajala,2581,Piteå,3,0,1
2021,totalt,2521,Pajala,2582,Boden,17,0,1
2021,totalt,2521,Pajala,2583,Haparanda,3,0,0
2021,totalt,2521,Pajala,2584,Kiruna,176,0,0
2021,totalt,2523,Gällivare,2505,Arvidsjaur,3,0,0
2021,totalt,2523,Gällivare,2506,Arjeplog,0,0,0
2021,totalt,2523,Gällivare,2510,Jokkmokk,24,0,0
2021,totalt,2523,Gällivare,2513,Överkalix,5,0,0
2021,totalt,2523,Gällivare,2514,Kalix,21,0,1
2021,totalt,2523,Gällivare,2518,Övertorneå,3,0,0
2021,totalt,2523,Gällivare,2521,Pajala,20,0,0
2021,totalt,2523,Gällivare,2523,Gällivare,8463,0,0
2021,totalt,2523,Gällivare,2560,Älvsbyn,0,0,1
2021,totalt,2523,Gällivare,2580,Luleå,163,0,1
2021,totalt,2523,Gällivare,2581,Piteå,28,0,1
2021,totalt,2523,Gällivare,2582,Boden,27,0,1
2021,totalt,2523,Gällivare,2583,Haparanda,8,0,0
2021,totalt,2523,Gällivare,2584,Kiruna,201,0,0
2021,totalt,2560,Älvsbyn,2505,Arvidsjaur,96,1,0
2021,totalt,2560,Älvsbyn,2506,Arjeplog,0,1,0
2021,totalt,2560,Älvsbyn,2510,Jokkmokk,9,1,0
2021,totalt,2560,Älvsbyn,2513,Överkalix,0,1,0
2021,totalt,2560,Älvsbyn,2514,Kalix,12,1,1
2021,totalt,2560,Älvsbyn,2518,Övertorneå,4,1,0
2021,totalt,2560,Älvsbyn,2521,Pajala,0,1,0
2021,totalt,2560,Älvsbyn,2523,Gällivare,14,1,0
2021,totalt,2560,Älvsbyn,2560,Älvsbyn,2622,1,1
2021,totalt,2560,Älvsbyn,2580,Luleå,394,1,1
2021,totalt,2560,Älvsbyn,2581,Piteå,376,1,1
2021,totalt,2560,Älvsbyn,2582,Boden,124,1,1
2021,totalt,2560,Älvsbyn,2583,Haparanda,0,1,0
2021,totalt,2560,Älvsbyn,2584,Kiruna,7,1,0
2021,totalt,2580,Luleå,2505,Arvidsjaur,12,1,0
2021,totalt,2580,Luleå,2506,Arjeplog,3,1,0
2021,totalt,2580,Luleå,2510,Jokkmokk,19,1,0
2021,totalt,2580,Luleå,2513,Överkalix,52,1,0
2021,totalt,2580,Luleå,2514,Kalix,234,1,1
2021,totalt,2580,Luleå,2518,Övertorneå,33,1,0
2021,totalt,2580,Luleå,2521,Pajala,46,1,0
2021,totalt,2580,Luleå,2523,Gällivare,123,1,0
2021,totalt,2580,Luleå,2560,Älvsbyn,107,1,1
2021,totalt,2580,Luleå,2580,Luleå,35467,1,1
2021,totalt,2580,Luleå,2581,Piteå,574,1,1
2021,totalt,2580,Luleå,2582,Boden,1103,1,1
2021,totalt,2580,Luleå,2583,Haparanda,34,1,0
2021,totalt,2580,Luleå,2584,Kiruna,120,1,0
2021,totalt,2581,Piteå,2505,Arvidsjaur,44,1,0
2021,totalt,2581,Piteå,2506,Arjeplog,15,1,0
2021,totalt,2581,Piteå,2510,Jokkmokk,19,1,0
2021,totalt,2581,Piteå,2513,Överkalix,10,1,0
2021,totalt,2581,Piteå,2514,Kalix,36,1,1
2021,totalt,2581,Piteå,2518,Övertorneå,3,1,0
2021,totalt,2581,Piteå,2521,Pajala,11,1,0
2021,totalt,2581,Piteå,2523,Gällivare,49,1,0
2021,totalt,2581,Piteå,2560,Älvsbyn,191,1,1
2021,totalt,2581,Piteå,2580,Luleå,2395,1,1
2021,totalt,2581,Piteå,2581,Piteå,17151,1,1
2021,totalt,2581,Piteå,2582,Boden,142,1,1
2021,totalt,2581,Piteå,2583,Haparanda,9,1,0
2021,totalt,2581,Piteå,2584,Kiruna,31,1,0
2021,totalt,2582,Boden,2505,Arvidsjaur,6,1,0
2021,totalt,2582,Boden,2506,Arjeplog,4,1,0
2021,totalt,2582,Boden,2510,Jokkmokk,27,1,0
2021,totalt,2582,Boden,2513,Överkalix,9,1,0
2021,totalt,2582,Boden,2514,Kalix,59,1,1
2021,totalt,2582,Boden,2518,Övertorneå,10,1,0
2021,totalt,2582,Boden,2521,Pajala,6,1,0
2021,totalt,2582,Boden,2523,Gällivare,53,1,0
2021,totalt,2582,Boden,2560,Älvsbyn,72,1,1
2021,totalt,2582,Boden,2580,Luleå,3462,1,1
2021,totalt,2582,Boden,2581,Piteå,84,1,1
2021,totalt,2582,Boden,2582,Boden,9375,1,1
2021,totalt,2582,Boden,2583,Haparanda,9,1,0
2021,totalt,2582,Boden,2584,Kiruna,44,1,0
2021,totalt,2583,Haparanda,2505,Arvidsjaur,0,0,0
2021,totalt,2583,Haparanda,2506,Arjeplog,0,0,0
2021,totalt,2583,Haparanda,2510,Jokkmokk,5,0,0
2021,totalt,2583,Haparanda,2513,Överkalix,15,0,0
2021,totalt,2583,Haparanda,2514,Kalix,219,0,1
2021,totalt,2583,Haparanda,2518,Övertorneå,51,0,0
2021,totalt,2583,Haparanda,2521,Pajala,11,0,0
2021,totalt,2583,Haparanda,2523,Gällivare,11,0,0
2021,totalt,2583,Haparanda,2560,Älvsbyn,5,0,1
2021,totalt,2583,Haparanda,2580,Luleå,106,0,1
2021,totalt,2583,Haparanda,2581,Piteå,10,0,1
2021,totalt,2583,Haparanda,2582,Boden,14,0,1
2021,totalt,2583,Haparanda,2583,Haparanda,3347,0,0
2021,totalt,2583,Haparanda,2584,Kiruna,43,0,0
2021,totalt,2584,Kiruna,2505,Arvidsjaur,0,0,0
2021,totalt,2584,Kiruna,2506,Arjeplog,0,0,0
2021,totalt,2584,Kiruna,2510,Jokkmokk,7,0,0
2021,totalt,2584,Kiruna,2513,Överkalix,0,0,0
2021,totalt,2584,Kiruna,2514,Kalix,3,0,1
2021,totalt,2584,Kiruna,2518,Övertorneå,3,0,0
2021,totalt,2584,Kiruna,2521,Pajala,33,0,0
2021,totalt,2584,Kiruna,2523,Gällivare,109,0,0
2021,totalt,2584,Kiruna,2560,Älvsbyn,0,0,1
2021,totalt,2584,Kiruna,2580,Luleå,139,0,1
2021,totalt,2584,Kiruna,2581,Piteå,22,0,1
2021,totalt,2584,Kiruna,2582,Boden,29,0,1
2021,totalt,2584,Kiruna,2583,Haparanda,7,0,0
2021,totalt,2584,Kiruna,2584,Kiruna,11548,0,0
2022,kvinnor,2505,Arvidsjaur,2505,Arvidsjaur,1244,0,0
2022,kvinnor,2505,Arvidsjaur,2506,Arjeplog,15,0,0
2022,kvinnor,2505,Arvidsjaur,2510,Jokkmokk,0,0,0
2022,kvinnor,2505,Arvidsjaur,2513,Överkalix,0,0,0
2022,kvinnor,2505,Arvidsjaur,2514,Kalix,3,0,1
2022,kvinnor,2505,Arvidsjaur,2518,Övertorneå,0,0,0
2022,kvinnor,2505,Arvidsjaur,2521,Pajala,0,0,0
2022,kvinnor,2505,Arvidsjaur,2523,Gällivare,0,0,0
2022,kvinnor,2505,Arvidsjaur,2560,Älvsbyn,11,0,1
2022,kvinnor,2505,Arvidsjaur,2580,Luleå,14,0,1
2022,kvinnor,2505,Arvidsjaur,2581,Piteå,12,0,1
2022,kvinnor,2505,Arvidsjaur,2582,Boden,12,0,1
2022,kvinnor,2505,Arvidsjaur,2583,Haparanda,0,0,0
2022,kvinnor,2505,Arvidsjaur,2584,Kiruna,4,0,0
2022,kvinnor,2506,Arjeplog,2505,Arvidsjaur,13,0,0
2022,kvinnor,2506,Arjeplog,2506,Arjeplog,583,0,0
2022,kvinnor,2506,Arjeplog,2510,Jokkmokk,0,0,0
2022,kvinnor,2506,Arjeplog,2513,Överkalix,0,0,0
2022,kvinnor,2506,Arjeplog,2514,Kalix,0,0,1
2022,kvinnor,2506,Arjeplog,2518,Övertorneå,0,0,0
2022,kvinnor,2506,Arjeplog,2521,Pajala,0,0,0
2022,kvinnor,2506,Arjeplog,2523,Gällivare,3,0,0
2022,kvinnor,2506,Arjeplog,2560,Älvsbyn,0,0,1
2022,kvinnor,2506,Arjeplog,2580,Luleå,4,0,1
2022,kvinnor,2506,Arjeplog,2581,Piteå,4,0,1
2022,kvinnor,2506,Arjeplog,2582,Boden,0,0,1
2022,kvinnor,2506,Arjeplog,2583,Haparanda,0,0,0
2022,kvinnor,2506,Arjeplog,2584,Kiruna,0,0,0
2022,kvinnor,2510,Jokkmokk,2505,Arvidsjaur,0,0,0
2022,kvinnor,2510,Jokkmokk,2506,Arjeplog,0,0,0
2022,kvinnor,2510,Jokkmokk,2510,Jokkmokk,989,0,0
2022,kvinnor,2510,Jokkmokk,2513,Överkalix,0,0,0
2022,kvinnor,2510,Jokkmokk,2514,Kalix,0,0,1
2022,kvinnor,2510,Jokkmokk,2518,Övertorneå,0,0,0
2022,kvinnor,2510,Jokkmokk,2521,Pajala,0,0,0
2022,kvinnor,2510,Jokkmokk,2523,Gällivare,61,0,0
2022,kvinnor,2510,Jokkmokk,2560,Älvsbyn,5,0,1
2022,kvinnor,2510,Jokkmokk,2580,Luleå,24,0,1
2022,kvinnor,2510,Jokkmokk,2581,Piteå,7,0,1
2022,kvinnor,2510,Jokkmokk,2582,Boden,12,0,1
2022,kvinnor,2510,Jokkmokk,2583,Haparanda,0,0,0
2022,kvinnor,2510,Jokkmokk,2584,Kiruna,16,0,0
2022,kvinnor,2513,Överkalix,2505,Arvidsjaur,0,0,0
2022,kvinnor,2513,Överkalix,2506,Arjeplog,0,0,0
2022,kvinnor,2513,Överkalix,2510,Jokkmokk,0,0,0
2022,kvinnor,2513,Överkalix,2513,Överkalix,561,0,0
2022,kvinnor,2513,Överkalix,2514,Kalix,8,0,1
2022,kvinnor,2513,Överkalix,2518,Övertorneå,10,0,0
2022,kvinnor,2513,Överkalix,2521,Pajala,3,0,0
2022,kvinnor,2513,Överkalix,2523,Gällivare,7,0,0
2022,kvinnor,2513,Överkalix,2560,Älvsbyn,0,0,1
2022,kvinnor,2513,Överkalix,2580,Luleå,29,0,1
2022,kvinnor,2513,Överkalix,2581,Piteå,3,0,1
2022,kvinnor,2513,Överkalix,2582,Boden,5,0,1
2022,kvinnor,2513,Överkalix,2583,Haparanda,0,0,0
2022,kvinnor,2513,Överkalix,2584,Kiruna,0,0,0
2022,kvinnor,2514,Kalix,2505,Arvidsjaur,0,1,0
2022,kvinnor,2514,Kalix,2506,Arjeplog,0,1,0
2022,kvinnor,2514,Kalix,2510,Jokkmokk,3,1,0
2022,kvinnor,2514,Kalix,2513,Överkalix,18,1,0
2022,kvinnor,2514,Kalix,2514,Kalix,3066,1,1
2022,kvinnor,2514,Kalix,2518,Övertorneå,12,1,0
2022,kvinnor,2514,Kalix,2521,Pajala,3,1,0
2022,kvinnor,2514,Kalix,2523,Gällivare,5,1,0
2022,kvinnor,2514,Kalix,2560,Älvsbyn,7,1,1
2022,kvinnor,2514,Kalix,2580,Luleå,224,1,1
2022,kvinnor,2514,Kalix,2581,Piteå,6,1,1
2022,kvinnor,2514,Kalix,2582,Boden,24,1,1
2022,kvinnor,2514,Kalix,2583,Haparanda,76,1,0
2022,kvinnor,2514,Kalix,2584,Kiruna,8,1,0
2022,kvinnor,2518,Övertorneå,2505,Arvidsjaur,0,0,0
2022,kvinnor,2518,Övertorneå,2506,Arjeplog,0,0,0
2022,kvinnor,2518,Övertorneå,2510,Jokkmokk,0,0,0
2022,kvinnor,2518,Övertorneå,2513,Överkalix,11,0,0
2022,kvinnor,2518,Övertorneå,2514,Kalix,13,0,1
2022,kvinnor,2518,Övertorneå,2518,Övertorneå,698,0,0
2022,kvinnor,2518,Övertorneå,2521,Pajala,22,0,0
2022,kvinnor,2518,Övertorneå,2523,Gällivare,8,0,0
2022,kvinnor,2518,Övertorneå,2560,Älvsbyn,0,0,1
2022,kvinnor,2518,Övertorneå,2580,Luleå,17,0,1
2022,kvinnor,2518,Övertorneå,2581,Piteå,4,0,1
2022,kvinnor,2518,Övertorneå,2582,Boden,3,0,1
2022,kvinnor,2518,Övertorneå,2583,Haparanda,14,0,0
2022,kvinnor,2518,Övertorneå,2584,Kiruna,7,0,0
2022,kvinnor,2521,Pajala,2505,Arvidsjaur,0,0,0
2022,kvinnor,2521,Pajala,2506,Arjeplog,0,0,0
2022,kvinnor,2521,Pajala,2510,Jokkmokk,0,0,0
2022,kvinnor,2521,Pajala,2513,Överkalix,4,0,0
2022,kvinnor,2521,Pajala,2514,Kalix,0,0,1
2022,kvinnor,2521,Pajala,2518,Övertorneå,4,0,0
2022,kvinnor,2521,Pajala,2521,Pajala,1059,0,0
2022,kvinnor,2521,Pajala,2523,Gällivare,10,0,0
2022,kvinnor,2521,Pajala,2560,Älvsbyn,3,0,1
2022,kvinnor,2521,Pajala,2580,Luleå,15,0,1
2022,kvinnor,2521,Pajala,2581,Piteå,0,0,1
2022,kvinnor,2521,Pajala,2582,Boden,3,0,1
2022,kvinnor,2521,Pajala,2583,Haparanda,4,0,0
2022,kvinnor,2521,Pajala,2584,Kiruna,49,0,0
2022,kvinnor,2523,Gällivare,2505,Arvidsjaur,0,0,0
2022,kvinnor,2523,Gällivare,2506,Arjeplog,0,0,0
2022,kvinnor,2523,Gällivare,2510,Jokkmokk,13,0,0
2022,kvinnor,2523,Gällivare,2513,Överkalix,7,0,0
2022,kvinnor,2523,Gällivare,2514,Kalix,8,0,1
2022,kvinnor,2523,Gällivare,2518,Övertorneå,0,0,0
2022,kvinnor,2523,Gällivare,2521,Pajala,5,0,0
2022,kvinnor,2523,Gällivare,2523,Gällivare,4024,0,0
2022,kvinnor,2523,Gällivare,2560,Älvsbyn,0,0,1
2022,kvinnor,2523,Gällivare,2580,Luleå,80,0,1
2022,kvinnor,2523,Gällivare,2581,Piteå,12,0,1
2022,kvinnor,2523,Gällivare,2582,Boden,7,0,1
2022,kvinnor,2523,Gällivare,2583,Haparanda,3,0,0
2022,kvinnor,2523,Gällivare,2584,Kiruna,79,0,0
2022,kvinnor,2560,Älvsbyn,2505,Arvidsjaur,19,1,0
2022,kvinnor,2560,Älvsbyn,2506,Arjeplog,0,1,0
2022,kvinnor,2560,Älvsbyn,2510,Jokkmokk,0,1,0
2022,kvinnor,2560,Älvsbyn,2513,Överkalix,0,1,0
2022,kvinnor,2560,Älvsbyn,2514,Kalix,3,1,1
2022,kvinnor,2560,Älvsbyn,2518,Övertorneå,0,1,0
2022,kvinnor,2560,Älvsbyn,2521,Pajala,0,1,0
2022,kvinnor,2560,Älvsbyn,2523,Gällivare,4,1,0
2022,kvinnor,2560,Älvsbyn,2560,Älvsbyn,1395,1,1
2022,kvinnor,2560,Älvsbyn,2580,Luleå,114,1,1
2022,kvinnor,2560,Älvsbyn,2581,Piteå,126,1,1
2022,kvinnor,2560,Älvsbyn,2582,Boden,43,1,1
2022,kvinnor,2560,Älvsbyn,2583,Haparanda,0,1,0
2022,kvinnor,2560,Älvsbyn,2584,Kiruna,3,1,0
2022,kvinnor,2580,Luleå,2505,Arvidsjaur,5,1,0
2022,kvinnor,2580,Luleå,2506,Arjeplog,0,1,0
2022,kvinnor,2580,Luleå,2510,Jokkmokk,8,1,0
2022,kvinnor,2580,Luleå,2513,Överkalix,19,1,0
2022,kvinnor,2580,Luleå,2514,Kalix,74,1,1
2022,kvinnor,2580,Luleå,2518,Övertorneå,13,1,0
2022,kvinnor,2580,Luleå,2521,Pajala,11,1,0
2022,kvinnor,2580,Luleå,2523,Gällivare,35,1,0
2022,kvinnor,2580,Luleå,2560,Älvsbyn,37,1,1
2022,kvinnor,2580,Luleå,2580,Luleå,17903,1,1
2022,kvinnor,2580,Luleå,2581,Piteå,195,1,1
2022,kvinnor,2580,Luleå,2582,Boden,507,1,1
2022,kvinnor,2580,Luleå,2583,Haparanda,23,1,0
2022,kvinnor,2580,Luleå,2584,Kiruna,27,1,0
2022,kvinnor,2581,Piteå,2505,Arvidsjaur,14,1,0
2022,kvinnor,2581,Piteå,2506,Arjeplog,7,1,0
2022,kvinnor,2581,Piteå,2510,Jokkmokk,10,1,0
2022,kvinnor,2581,Piteå,2513,Överkalix,0,1,0
2022,kvinnor,2581,Piteå,2514,Kalix,17,1,1
2022,kvinnor,2581,Piteå,2518,Övertorneå,0,1,0
2022,kvinnor,2581,Piteå,2521,Pajala,3,1,0
2022,kvinnor,2581,Piteå,2523,Gällivare,19,1,0
2022,kvinnor,2581,Piteå,2560,Älvsbyn,87,1,1
2022,kvinnor,2581,Piteå,2580,Luleå,961,1,1
2022,kvinnor,2581,Piteå,2581,Piteå,8585,1,1
2022,kvinnor,2581,Piteå,2582,Boden,57,1,1
2022,kvinnor,2581,Piteå,2583,Haparanda,4,1,0
2022,kvinnor,2581,Piteå,2584,Kiruna,10,1,0
2022,kvinnor,2582,Boden,2505,Arvidsjaur,3,1,0
2022,kvinnor,2582,Boden,2506,Arjeplog,3,1,0
2022,kvinnor,2582,Boden,2510,Jokkmokk,15,1,0
2022,kvinnor,2582,Boden,2513,Överkalix,3,1,0
2022,kvinnor,2582,Boden,2514,Kalix,12,1,1
2022,kvinnor,2582,Boden,2518,Övertorneå,3,1,0
2022,kvinnor,2582,Boden,2521,Pajala,0,1,0
2022,kvinnor,2582,Boden,2523,Gällivare,15,1,0
2022,kvinnor,2582,Boden,2560,Älvsbyn,21,1,1
2022,kvinnor,2582,Boden,2580,Luleå,1643,1,1
2022,kvinnor,2582,Boden,2581,Piteå,32,1,1
2022,kvinnor,2582,Boden,2582,Boden,4699,1,1
2022,kvinnor,2582,Boden,2583,Haparanda,3,1,0
2022,kvinnor,2582,Boden,2584,Kiruna,20,1,0
2022,kvinnor,2583,Haparanda,2505,Arvidsjaur,0,0,0
2022,kvinnor,2583,Haparanda,2506,Arjeplog,0,0,0
2022,kvinnor,2583,Haparanda,2510,Jokkmokk,0,0,0
2022,kvinnor,2583,Haparanda,2513,Överkalix,4,0,0
2022,kvinnor,2583,Haparanda,2514,Kalix,83,0,1
2022,kvinnor,2583,Haparanda,2518,Övertorneå,21,0,0
2022,kvinnor,2583,Haparanda,2521,Pajala,4,0,0
2022,kvinnor,2583,Haparanda,2523,Gällivare,4,0,0
2022,kvinnor,2583,Haparanda,2560,Älvsbyn,0,0,1
2022,kvinnor,2583,Haparanda,2580,Luleå,24,0,1
2022,kvinnor,2583,Haparanda,2581,Piteå,3,0,1
2022,kvinnor,2583,Haparanda,2582,Boden,3,0,1
2022,kvinnor,2583,Haparanda,2583,Haparanda,1675,0,0
2022,kvinnor,2583,Haparanda,2584,Kiruna,9,0,0
2022,kvinnor,2584,Kiruna,2505,Arvidsjaur,0,0,0
2022,kvinnor,2584,Kiruna,2506,Arjeplog,0,0,0
2022,kvinnor,2584,Kiruna,2510,Jokkmokk,3,0,0
2022,kvinnor,2584,Kiruna,2513,Överkalix,0,0,0
2022,kvinnor,2584,Kiruna,2514,Kalix,0,0,1
2022,kvinnor,2584,Kiruna,2518,Övertorneå,5,0,0
2022,kvinnor,2584,Kiruna,2521,Pajala,9,0,0
2022,kvinnor,2584,Kiruna,2523,Gällivare,42,0,0
2022,kvinnor,2584,Kiruna,2560,Älvsbyn,0,0,1
2022,kvinnor,2584,Kiruna,2580,Luleå,52,0,1
2022,kvinnor,2584,Kiruna,2581,Piteå,3,0,1
2022,kvinnor,2584,Kiruna,2582,Boden,11,0,1
2022,kvinnor,2584,Kiruna,2583,Haparanda,3,0,0
2022,kvinnor,2584,Kiruna,2584,Kiruna,5325,0,0
2022,män,2505,Arvidsjaur,2505,Arvidsjaur,1297,0,0
2022,män,2505,Arvidsjaur,2506,Arjeplog,57,0,0
2022,män,2505,Arvidsjaur,2510,Jokkmokk,11,0,0
2022,män,2505,Arvidsjaur,2513,Överkalix,0,0,0
2022,män,2505,Arvidsjaur,2514,Kalix,7,0,1
2022,män,2505,Arvidsjaur,2518,Övertorneå,0,0,0
2022,män,2505,Arvidsjaur,2521,Pajala,0,0,0
2022,män,2505,Arvidsjaur,2523,Gällivare,9,0,0
2022,män,2505,Arvidsjaur,2560,Älvsbyn,23,0,1
2022,män,2505,Arvidsjaur,2580,Luleå,28,0,1
2022,män,2505,Arvidsjaur,2581,Piteå,35,0,1
2022,män,2505,Arvidsjaur,2582,Boden,34,0,1
2022,män,2505,Arvidsjaur,2583,Haparanda,0,0,0
2022,män,2505,Arvidsjaur,2584,Kiruna,6,0,0
2022,män,2506,Arjeplog,2505,Arvidsjaur,8,0,0
2022,män,2506,Arjeplog,2506,Arjeplog,660,0,0
2022,män,2506,Arjeplog,2510,Jokkmokk,0,0,0
2022,män,2506,Arjeplog,2513,Överkalix,0,0,0
2022,män,2506,Arjeplog,2514,Kalix,0,0,1
2022,män,2506,Arjeplog,2518,Övertorneå,0,0,0
2022,män,2506,Arjeplog,2521,Pajala,0,0,0
2022,män,2506,Arjeplog,2523,Gällivare,3,0,0
2022,män,2506,Arjeplog,2560,Älvsbyn,5,0,1
2022,män,2506,Arjeplog,2580,Luleå,11,0,1
2022,män,2506,Arjeplog,2581,Piteå,3,0,1
2022,män,2506,Arjeplog,2582,Boden,0,0,1
2022,män,2506,Arjeplog,2583,Haparanda,0,0,0
2022,män,2506,Arjeplog,2584,Kiruna,3,0,0
2022,män,2510,Jokkmokk,2505,Arvidsjaur,0,0,0
2022,män,2510,Jokkmokk,2506,Arjeplog,0,0,0
2022,män,2510,Jokkmokk,2510,Jokkmokk,1028,0,0
2022,män,2510,Jokkmokk,2513,Överkalix,4,0,0
2022,män,2510,Jokkmokk,2514,Kalix,3,0,1
2022,män,2510,Jokkmokk,2518,Övertorneå,0,0,0
2022,män,2510,Jokkmokk,2521,Pajala,3,0,0
2022,män,2510,Jokkmokk,2523,Gällivare,146,0,0
2022,män,2510,Jokkmokk,2560,Älvsbyn,5,0,1
2022,män,2510,Jokkmokk,2580,Luleå,33,0,1
2022,män,2510,Jokkmokk,2581,Piteå,9,0,1
2022,män,2510,Jokkmokk,2582,Boden,23,0,1
2022,män,2510,Jokkmokk,2583,Haparanda,3,0,0
2022,män,2510,Jokkmokk,2584,Kiruna,21,0,0
2022,män,2513,Överkalix,2505,Arvidsjaur,0,0,0
2022,män,2513,Överkalix,2506,Arjeplog,0,0,0
2022,män,2513,Överkalix,2510,Jokkmokk,3,0,0
2022,män,2513,Överkalix,2513,Överkalix,658,0,0
2022,män,2513,Överkalix,2514,Kalix,12,0,1
2022,män,2513,Överkalix,2518,Övertorneå,7,0,0
2022,män,2513,Överkalix,2521,Pajala,8,0,0
2022,män,2513,Överkalix,2523,Gällivare,27,0,0
2022,män,2513,Överkalix,2560,Älvsbyn,9,0,1
2022,män,2513,Överkalix,2580,Luleå,43,0,1
2022,män,2513,Överkalix,2581,Piteå,7,0,1
2022,män,2513,Överkalix,2582,Boden,7,0,1
2022,män,2513,Överkalix,2583,Haparanda,4,0,0
2022,män,2513,Överkalix,2584,Kiruna,4,0,0
2022,män,2514,Kalix,2505,Arvidsjaur,3,1,0
2022,män,2514,Kalix,2506,Arjeplog,0,1,0
2022,män,2514,Kalix,2510,Jokkmokk,0,1,0
2022,män,2514,Kalix,2513,Överkalix,40,1,0
2022,män,2514,Kalix,2514,Kalix,3197,1,1
2022,män,2514,Kalix,2518,Övertorneå,11,1,0
2022,män,2514,Kalix,2521,Pajala,5,1,0
2022,män,2514,Kalix,2523,Gällivare,35,1,0
2022,män,2514,Kalix,2560,Älvsbyn,14,1,1
2022,män,2514,Kalix,2580,Luleå,424,1,1
2022,män,2514,Kalix,2581,Piteå,27,1,1
2022,män,2514,Kalix,2582,Boden,68,1,1
2022,män,2514,Kalix,2583,Haparanda,74,1,0
2022,män,2514,Kalix,2584,Kiruna,29,1,0
2022,män,2518,Övertorneå,2505,Arvidsjaur,0,0,0
2022,män,2518,Övertorneå,2506,Arjeplog,0,0,0
2022,män,2518,Övertorneå,2510,Jokkmokk,0,0,0
2022,män,2518,Övertorneå,2513,Överkalix,12,0,0
2022,män,2518,Övertorneå,2514,Kalix,19,0,1
2022,män,2518,Övertorneå,2518,Övertorneå,813,0,0
2022,män,2518,Övertorneå,2521,Pajala,40,0,0
2022,män,2518,Övertorneå,2523,Gällivare,9,0,0
2022,män,2518,Övertorneå,2560,Älvsbyn,3,0,1
2022,män,2518,Övertorneå,2580,Luleå,42,0,1
2022,män,2518,Övertorneå,2581,Piteå,8,0,1
2022,män,2518,Övertorneå,2582,Boden,5,0,1
2022,män,2518,Övertorneå,2583,Haparanda,23,0,0
2022,män,2518,Övertorneå,2584,Kiruna,33,0,0
2022,män,2521,Pajala,2505,Arvidsjaur,0,0,0
2022,män,2521,Pajala,2506,Arjeplog,0,0,0
2022,män,2521,Pajala,2510,Jokkmokk,0,0,0
2022,män,2521,Pajala,2513,Överkalix,10,0,0
2022,män,2521,Pajala,2514,Kalix,3,0,1
2022,män,2521,Pajala,2518,Övertorneå,12,0,0
2022,män,2521,Pajala,2521,Pajala,1283,0,0
2022,män,2521,Pajala,2523,Gällivare,41,0,0
2022,män,2521,Pajala,2560,Älvsbyn,0,0,1
2022,män,2521,Pajala,2580,Luleå,28,0,1
2022,män,2521,Pajala,2581,Piteå,4,0,1
2022,män,2521,Pajala,2582,Boden,13,0,1
2022,män,2521,Pajala,2583,Haparanda,7,0,0
2022,män,2521,Pajala,2584,Kiruna,112,0,0
2022,män,2523,Gällivare,2505,Arvidsjaur,3,0,0
2022,män,2523,Gällivare,2506,Arjeplog,0,0,0
2022,män,2523,Gällivare,2510,Jokkmokk,10,0,0
2022,män,2523,Gällivare,2513,Överkalix,6,0,0
2022,män,2523,Gällivare,2514,Kalix,6,0,1
2022,män,2523,Gällivare,2518,Övertorneå,3,0,0
2022,män,2523,Gällivare,2521,Pajala,10,0,0
2022,män,2523,Gällivare,2523,Gällivare,4574,0,0
2022,män,2523,Gällivare,2560,Älvsbyn,0,0,1
2022,män,2523,Gällivare,2580,Luleå,91,0,1
2022,män,2523,Gällivare,2581,Piteå,9,0,1
2022,män,2523,Gällivare,2582,Boden,26,0,1
2022,män,2523,Gällivare,2583,Haparanda,10,0,0
2022,män,2523,Gällivare,2584,Kiruna,139,0,0
2022,män,2560,Älvsbyn,2505,Arvidsjaur,70,1,0
2022,män,2560,Älvsbyn,2506,Arjeplog,0,1,0
2022,män,2560,Älvsbyn,2510,Jokkmokk,8,1,0
2022,män,2560,Älvsbyn,2513,Överkalix,4,1,0
2022,män,2560,Älvsbyn,2514,Kalix,9,1,1
2022,män,2560,Älvsbyn,2518,Övertorneå,3,1,0
2022,män,2560,Älvsbyn,2521,Pajala,0,1,0
2022,män,2560,Älvsbyn,2523,Gällivare,6,1,0
2022,män,2560,Älvsbyn,2560,Älvsbyn,1320,1,1
2022,män,2560,Älvsbyn,2580,Luleå,281,1,1
2022,män,2560,Älvsbyn,2581,Piteå,235,1,1
2022,män,2560,Älvsbyn,2582,Boden,93,1,1
2022,män,2560,Älvsbyn,2583,Haparanda,0,1,0
2022,män,2560,Älvsbyn,2584,Kiruna,3,1,0
2022,män,2580,Luleå,2505,Arvidsjaur,19,1,0
2022,män,2580,Luleå,2506,Arjeplog,3,1,0
2022,män,2580,Luleå,2510,Jokkmokk,13,1,0
2022,män,2580,Luleå,2513,Överkalix,40,1,0
2022,män,2580,Luleå,2514,Kalix,156,1,1
2022,män,2580,Luleå,2518,Övertorneå,17,1,0
2022,män,2580,Luleå,2521,Pajala,33,1,0
2022,män,2580,Luleå,2523,Gällivare,78,1,0
2022,män,2580,Luleå,2560,Älvsbyn,75,1,1
2022,män,2580,Luleå,2580,Luleå,18481,1,1
2022,män,2580,Luleå,2581,Piteå,353,1,1
2022,män,2580,Luleå,2582,Boden,641,1,1
2022,män,2580,Luleå,2583,Haparanda,31,1,0
2022,män,2580,Luleå,2584,Kiruna,91,1,0
2022,män,2581,Piteå,2505,Arvidsjaur,32,1,0
2022,män,2581,Piteå,2506,Arjeplog,10,1,0
2022,män,2581,Piteå,2510,Jokkmokk,9,1,0
2022,män,2581,Piteå,2513,Överkalix,13,1,0
2022,män,2581,Piteå,2514,Kalix,28,1,1
2022,män,2581,Piteå,2518,Övertorneå,0,1,0
2022,män,2581,Piteå,2521,Pajala,10,1,0
2022,män,2581,Piteå,2523,Gällivare,32,1,0
2022,män,2581,Piteå,2560,Älvsbyn,109,1,1
2022,män,2581,Piteå,2580,Luleå,1434,1,1
2022,män,2581,Piteå,2581,Piteå,8819,1,1
2022,män,2581,Piteå,2582,Boden,102,1,1
2022,män,2581,Piteå,2583,Haparanda,7,1,0
2022,män,2581,Piteå,2584,Kiruna,33,1,0
2022,män,2582,Boden,2505,Arvidsjaur,8,1,0
2022,män,2582,Boden,2506,Arjeplog,0,1,0
2022,män,2582,Boden,2510,Jokkmokk,12,1,0
2022,män,2582,Boden,2513,Överkalix,5,1,0
2022,män,2582,Boden,2514,Kalix,39,1,1
2022,män,2582,Boden,2518,Övertorneå,3,1,0
2022,män,2582,Boden,2521,Pajala,8,1,0
2022,män,2582,Boden,2523,Gällivare,29,1,0
2022,män,2582,Boden,2560,Älvsbyn,49,1,1
2022,män,2582,Boden,2580,Luleå,1902,1,1
2022,män,2582,Boden,2581,Piteå,86,1,1
2022,män,2582,Boden,2582,Boden,4737,1,1
2022,män,2582,Boden,2583,Haparanda,3,1,0
2022,män,2582,Boden,2584,Kiruna,35,1,0
2022,män,2583,Haparanda,2505,Arvidsjaur,0,0,0
2022,män,2583,Haparanda,2506,Arjeplog,0,0,0
2022,män,2583,Haparanda,2510,Jokkmokk,4,0,0
2022,män,2583,Haparanda,2513,Överkalix,9,0,0
2022,män,2583,Haparanda,2514,Kalix,129,0,1
2022,män,2583,Haparanda,2518,Övertorneå,30,0,0
2022,män,2583,Haparanda,2521,Pajala,8,0,0
2022,män,2583,Haparanda,2523,Gällivare,8,0,0
2022,män,2583,Haparanda,2560,Älvsbyn,3,0,1
2022,män,2583,Haparanda,2580,Luleå,79,0,1
2022,män,2583,Haparanda,2581,Piteå,3,0,1
2022,män,2583,Haparanda,2582,Boden,18,0,1
2022,män,2583,Haparanda,2583,Haparanda,1661,0,0
2022,män,2583,Haparanda,2584,Kiruna,29,0,0
2022,män,2584,Kiruna,2505,Arvidsjaur,4,0,0
2022,män,2584,Kiruna,2506,Arjeplog,0,0,0
2022,män,2584,Kiruna,2510,Jokkmokk,3,0,0
2022,män,2584,Kiruna,2513,Överkalix,3,0,0
2022,män,2584,Kiruna,2514,Kalix,4,0,1
2022,män,2584,Kiruna,2518,Övertorneå,3,0,0
2022,män,2584,Kiruna,2521,Pajala,19,0,0
2022,män,2584,Kiruna,2523,Gällivare,72,0,0
2022,män,2584,Kiruna,2560,Älvsbyn,0,0,1
2022,män,2584,Kiruna,2580,Luleå,75,0,1
2022,män,2584,Kiruna,2581,Piteå,14,0,1
2022,män,2584,Kiruna,2582,Boden,30,0,1
2022,män,2584,Kiruna,2583,Haparanda,4,0,0
2022,män,2584,Kiruna,2584,Kiruna,6261,0,0
2022,totalt,2505,Arvidsjaur,2505,Arvidsjaur,2545,0,0
2022,totalt,2505,Arvidsjaur,2506,Arjeplog,73,0,0
2022,totalt,2505,Arvidsjaur,2510,Jokkmokk,10,0,0
2022,totalt,2505,Arvidsjaur,2513,Överkalix,0,0,0
2022,totalt,2505,Arvidsjaur,2514,Kalix,7,0,1
2022,totalt,2505,Arvidsjaur,2518,Övertorneå,0,0,0
2022,totalt,2505,Arvidsjaur,2521,Pajala,0,0,0
2022,totalt,2505,Arvidsjaur,2523,Gällivare,9,0,0
2022,totalt,2505,Arvidsjaur,2560,Älvsbyn,32,0,1
2022,totalt,2505,Arvidsjaur,2580,Luleå,45,0,1
2022,totalt,2505,Arvidsjaur,2581,Piteå,45,0,1
2022,totalt,2505,Arvidsjaur,2582,Boden,47,0,1
2022,totalt,2505,Arvidsjaur,2583,Haparanda,0,0,0
2022,totalt,2505,Arvidsjaur,2584,Kiruna,10,0,0
2022,totalt,2506,Arjeplog,2505,Arvidsjaur,23,0,0
2022,totalt,2506,Arjeplog,2506,Arjeplog,1244,0,0
2022,totalt,2506,Arjeplog,2510,Jokkmokk,4,0,0
2022,totalt,2506,Arjeplog,2513,Överkalix,0,0,0
2022,totalt,2506,Arjeplog,2514,Kalix,0,0,1
2022,totalt,2506,Arjeplog,2518,Övertorneå,0,0,0
2022,totalt,2506,Arjeplog,2521,Pajala,0,0,0
2022,totalt,2506,Arjeplog,2523,Gällivare,3,0,0
2022,totalt,2506,Arjeplog,2560,Älvsbyn,5,0,1
2022,totalt,2506,Arjeplog,2580,Luleå,17,0,1
2022,totalt,2506,Arjeplog,2581,Piteå,7,0,1
2022,totalt,2506,Arjeplog,2582,Boden,0,0,1
2022,totalt,2506,Arjeplog,2583,Haparanda,0,0,0
2022,totalt,2506,Arjeplog,2584,Kiruna,3,0,0
2022,totalt,2510,Jokkmokk,2505,Arvidsjaur,0,0,0
2022,totalt,2510,Jokkmokk,2506,Arjeplog,0,0,0
2022,totalt,2510,Jokkmokk,2510,Jokkmokk,2015,0,0
2022,totalt,2510,Jokkmokk,2513,Överkalix,4,0,0
2022,totalt,2510,Jokkmokk,2514,Kalix,4,0,1
2022,totalt,2510,Jokkmokk,2518,Övertorneå,0,0,0
2022,totalt,2510,Jokkmokk,2521,Pajala,3,0,0
2022,totalt,2510,Jokkmokk,2523,Gällivare,202,0,0
2022,totalt,2510,Jokkmokk,2560,Älvsbyn,10,0,1
2022,totalt,2510,Jokkmokk,2580,Luleå,57,0,1
2022,totalt,2510,Jokkmokk,2581,Piteå,15,0,1
2022,totalt,2510,Jokkmokk,2582,Boden,36,0,1
2022,totalt,2510,Jokkmokk,2583,Haparanda,3,0,0
2022,totalt,2510,Jokkmokk,2584,Kiruna,33,0,0
2022,totalt,2513,Överkalix,2505,Arvidsjaur,0,0,0
2022,totalt,2513,Överkalix,2506,Arjeplog,0,0,0
2022,totalt,2513,Överkalix,2510,Jokkmokk,3,0,0
2022,totalt,2513,Överkalix,2513,Överkalix,1219,0,0
2022,totalt,2513,Överkalix,2514,Kalix,20,0,1
2022,totalt,2513,Överkalix,2518,Övertorneå,21,0,0
2022,totalt,2513,Överkalix,2521,Pajala,16,0,0
2022,totalt,2513,Överkalix,2523,Gällivare,30,0,0
2022,totalt,2513,Överkalix,2560,Älvsbyn,9,0,1
2022,totalt,2513,Överkalix,2580,Luleå,69,0,1
2022,totalt,2513,Överkalix,2581,Piteå,12,0,1
2022,totalt,2513,Överkalix,2582,Boden,13,0,1
2022,totalt,2513,Överkalix,2583,Haparanda,4,0,0
2022,totalt,2513,Överkalix,2584,Kiruna,4,0,0
2022,totalt,2514,Kalix,2505,Arvidsjaur,3,1,0
2022,totalt,2514,Kalix,2506,Arjeplog,0,1,0
2022,totalt,2514,Kalix,2510,Jokkmokk,3,1,0
2022,totalt,2514,Kalix,2513,Överkalix,58,1,0
2022,totalt,2514,Kalix,2514,Kalix,6263,1,1
2022,totalt,2514,Kalix,2518,Övertorneå,22,1,0
2022,totalt,2514,Kalix,2521,Pajala,9,1,0
2022,totalt,2514,Kalix,2523,Gällivare,39,1,0
2022,totalt,2514,Kalix,2560,Älvsbyn,16,1,1
2022,totalt,2514,Kalix,2580,Luleå,653,1,1
2022,totalt,2514,Kalix,2581,Piteå,35,1,1
2022,totalt,2514,Kalix,2582,Boden,90,1,1
2022,totalt,2514,Kalix,2583,Haparanda,148,1,0
2022,totalt,2514,Kalix,2584,Kiruna,35,1,0
2022,totalt,2518,Övertorneå,2505,Arvidsjaur,0,0,0
2022,totalt,2518,Övertorneå,2506,Arjeplog,0,0,0
2022,totalt,2518,Övertorneå,2510,Jokkmokk,0,0,0
2022,totalt,2518,Övertorneå,2513,Överkalix,25,0,0
2022,totalt,2518,Övertorneå,2514,Kalix,35,0,1
2022,totalt,2518,Övertorneå,2518,Övertorneå,1515,0,0
2022,totalt,2518,Övertorneå,2521,Pajala,62,0,0
2022,totalt,2518,Övertorneå,2523,Gällivare,14,0,0
2022,totalt,2518,Övertorneå,2560,Älvsbyn,3,0,1
2022,totalt,2518,Övertorneå,2580,Luleå,64,0,1
2022,totalt,2518,Övertorneå,2581,Piteå,6,0,1
2022,totalt,2518,Övertorneå,2582,Boden,8,0,1
2022,totalt,2518,Övertorneå,2583,Haparanda,33,0,0
2022,totalt,2518,Övertorneå,2584,Kiruna,41,0,0
2022,totalt,2521,Pajala,2505,Arvidsjaur,3,0,0
2022,totalt,2521,Pajala,2506,Arjeplog,0,0,0
2022,totalt,2521,Pajala,2510,Jokkmokk,3,0,0
2022,totalt,2521,Pajala,2513,Överkalix,15,0,0
2022,totalt,2521,Pajala,2514,Kalix,3,0,1
2022,totalt,2521,Pajala,2518,Övertorneå,16,0,0
2022,totalt,2521,Pajala,2521,Pajala,2341,0,0
2022,totalt,2521,Pajala,2523,Gällivare,51,0,0
2022,totalt,2521,Pajala,2560,Älvsbyn,3,0,1
2022,totalt,2521,Pajala,2580,Luleå,42,0,1
2022,totalt,2521,Pajala,2581,Piteå,4,0,1
2022,totalt,2521,Pajala,2582,Boden,17,0,1
2022,totalt,2521,Pajala,2583,Haparanda,9,0,0
2022,totalt,2521,Pajala,2584,Kiruna,160,0,0
2022,totalt,2523,Gällivare,2505,Arvidsjaur,0,0,0
2022,totalt,2523,Gällivare,2506,Arjeplog,0,0,0
2022,totalt,2523,Gällivare,2510,Jokkmokk,21,0,0
2022,totalt,2523,Gällivare,2513,Överkalix,17,0,0
2022,totalt,2523,Gällivare,2514,Kalix,13,0,1
2022,totalt,2523,Gällivare,2518,Övertorneå,3,0,0
2022,totalt,2523,Gällivare,2521,Pajala,18,0,0
2022,totalt,2523,Gällivare,2523,Gällivare,8598,0,0
2022,totalt,2523,Gällivare,2560,Älvsbyn,0,0,1
2022,totalt,2523,Gällivare,2580,Luleå,173,0,1
2022,totalt,2523,Gällivare,2581,Piteå,21,0,1
2022,totalt,2523,Gällivare,2582,Boden,35,0,1
2022,totalt,2523,Gällivare,2583,Haparanda,13,0,0
2022,totalt,2523,Gällivare,2584,Kiruna,216,0,0
2022,totalt,2560,Älvsbyn,2505,Arvidsjaur,92,1,0
2022,totalt,2560,Älvsbyn,2506,Arjeplog,0,1,0
2022,totalt,2560,Älvsbyn,2510,Jokkmokk,9,1,0
2022,totalt,2560,Älvsbyn,2513,Överkalix,0,1,0
2022,totalt,2560,Älvsbyn,2514,Kalix,10,1,1
2022,totalt,2560,Älvsbyn,2518,Övertorneå,3,1,0
2022,totalt,2560,Älvsbyn,2521,Pajala,0,1,0
2022,totalt,2560,Älvsbyn,2523,Gällivare,8,1,0
2022,totalt,2560,Älvsbyn,2560,Älvsbyn,2711,1,1
2022,totalt,2560,Älvsbyn,2580,Luleå,398,1,1
2022,totalt,2560,Älvsbyn,2581,Piteå,366,1,1
2022,totalt,2560,Älvsbyn,2582,Boden,132,1,1
2022,totalt,2560,Älvsbyn,2583,Haparanda,0,1,0
2022,totalt,2560,Älvsbyn,2584,Kiruna,8,1,0
2022,totalt,2580,Luleå,2505,Arvidsjaur,25,1,0
2022,totalt,2580,Luleå,2506,Arjeplog,3,1,0
2022,totalt,2580,Luleå,2510,Jokkmokk,23,1,0
2022,totalt,2580,Luleå,2513,Överkalix,58,1,0
2022,totalt,2580,Luleå,2514,Kalix,232,1,1
2022,totalt,2580,Luleå,2518,Övertorneå,31,1,0
2022,totalt,2580,Luleå,2521,Pajala,46,1,0
2022,totalt,2580,Luleå,2523,Gällivare,109,1,0
2022,totalt,2580,Luleå,2560,Älvsbyn,112,1,1
2022,totalt,2580,Luleå,2580,Luleå,36382,1,1
2022,totalt,2580,Luleå,2581,Piteå,547,1,1
2022,totalt,2580,Luleå,2582,Boden,1151,1,1
2022,totalt,2580,Luleå,2583,Haparanda,51,1,0
2022,totalt,2580,Luleå,2584,Kiruna,116,1,0
2022,totalt,2581,Piteå,2505,Arvidsjaur,49,1,0
2022,totalt,2581,Piteå,2506,Arjeplog,18,1,0
2022,totalt,2581,Piteå,2510,Jokkmokk,15,1,0
2022,totalt,2581,Piteå,2513,Överkalix,15,1,0
2022,totalt,2581,Piteå,2514,Kalix,47,1,1
2022,totalt,2581,Piteå,2518,Övertorneå,0,1,0
2022,totalt,2581,Piteå,2521,Pajala,9,1,0
2022,totalt,2581,Piteå,2523,Gällivare,50,1,0
2022,totalt,2581,Piteå,2560,Älvsbyn,192,1,1
2022,totalt,2581,Piteå,2580,Luleå,2395,1,1
2022,totalt,2581,Piteå,2581,Piteå,17403,1,1
2022,totalt,2581,Piteå,2582,Boden,155,1,1
2022,totalt,2581,Piteå,2583,Haparanda,11,1,0
2022,totalt,2581,Piteå,2584,Kiruna,41,1,0
2022,totalt,2582,Boden,2505,Arvidsjaur,14,1,0
2022,totalt,2582,Boden,2506,Arjeplog,3,1,0
2022,totalt,2582,Boden,2510,Jokkmokk,29,1,0
2022,totalt,2582,Boden,2513,Överkalix,11,1,0
2022,totalt,2582,Boden,2514,Kalix,50,1,1
2022,totalt,2582,Boden,2518,Övertorneå,7,1,0
2022,totalt,2582,Boden,2521,Pajala,9,1,0
2022,totalt,2582,Boden,2523,Gällivare,48,1,0
2022,totalt,2582,Boden,2560,Älvsbyn,72,1,1
2022,totalt,2582,Boden,2580,Luleå,3544,1,1
2022,totalt,2582,Boden,2581,Piteå,116,1,1
2022,totalt,2582,Boden,2582,Boden,9432,1,1
2022,totalt,2582,Boden,2583,Haparanda,6,1,0
2022,totalt,2582,Boden,2584,Kiruna,56,1,0
2022,totalt,2583,Haparanda,2505,Arvidsjaur,0,0,0
2022,totalt,2583,Haparanda,2506,Arjeplog,0,0,0
2022,totalt,2583,Haparanda,2510,Jokkmokk,4,0,0
2022,totalt,2583,Haparanda,2513,Överkalix,14,0,0
2022,totalt,2583,Haparanda,2514,Kalix,210,0,1
2022,totalt,2583,Haparanda,2518,Övertorneå,56,0,0
2022,totalt,2583,Haparanda,2521,Pajala,15,0,0
2022,totalt,2583,Haparanda,2523,Gällivare,12,0,0
2022,totalt,2583,Haparanda,2560,Älvsbyn,3,0,1
2022,totalt,2583,Haparanda,2580,Luleå,102,0,1
2022,totalt,2583,Haparanda,2581,Piteå,3,0,1
2022,totalt,2583,Haparanda,2582,Boden,21,0,1
2022,totalt,2583,Haparanda,2583,Haparanda,3338,0,0
2022,totalt,2583,Haparanda,2584,Kiruna,38,0,0
2022,totalt,2584,Kiruna,2505,Arvidsjaur,4,0,0
2022,totalt,2584,Kiruna,2506,Arjeplog,0,0,0
2022,totalt,2584,Kiruna,2510,Jokkmokk,6,0,0
2022,totalt,2584,Kiruna,2513,Överkalix,0,0,0
2022,totalt,2584,Kiruna,2514,Kalix,5,0,1
2022,totalt,2584,Kiruna,2518,Övertorneå,6,0,0
2022,totalt,2584,Kiruna,2521,Pajala,28,0,0
2022,totalt,2584,Kiruna,2523,Gällivare,115,0,0
2022,totalt,2584,Kiruna,2560,Älvsbyn,0,0,1
2022,totalt,2584,Kiruna,2580,Luleå,125,0,1
2022,totalt,2584,Kiruna,2581,Piteå,17,0,1
2022,totalt,2584,Kiruna,2582,Boden,41,0,1
2022,totalt,2584,Kiruna,2583,Haparanda,7,0,0
2022,totalt,2584,Kiruna,2584,Kiruna,11587,0,0
2023,kvinnor,2505,Arvidsjaur,2505,Arvidsjaur,1265,0,0
2023,kvinnor,2505,Arvidsjaur,2506,Arjeplog,26,0,0
2023,kvinnor,2505,Arvidsjaur,2510,Jokkmokk,0,0,0
2023,kvinnor,2505,Arvidsjaur,2513,Överkalix,0,0,0
2023,kvinnor,2505,Arvidsjaur,2514,Kalix,3,0,1
2023,kvinnor,2505,Arvidsjaur,2518,Övertorneå,0,0,0
2023,kvinnor,2505,Arvidsjaur,2521,Pajala,3,0,0
2023,kvinnor,2505,Arvidsjaur,2523,Gällivare,3,0,0
2023,kvinnor,2505,Arvidsjaur,2560,Älvsbyn,7,0,1
2023,kvinnor,2505,Arvidsjaur,2580,Luleå,9,0,1
2023,kvinnor,2505,Arvidsjaur,2581,Piteå,10,0,1
2023,kvinnor,2505,Arvidsjaur,2582,Boden,7,0,1
2023,kvinnor,2505,Arvidsjaur,2583,Haparanda,0,0,0
2023,kvinnor,2505,Arvidsjaur,2584,Kiruna,0,0,0
2023,kvinnor,2506,Arjeplog,2505,Arvidsjaur,16,0,0
2023,kvinnor,2506,Arjeplog,2506,Arjeplog,581,0,0
2023,kvinnor,2506,Arjeplog,2510,Jokkmokk,0,0,0
2023,kvinnor,2506,Arjeplog,2513,Överkalix,0,0,0
2023,kvinnor,2506,Arjeplog,2514,Kalix,0,0,1
2023,kvinnor,2506,Arjeplog,2518,Övertorneå,0,0,0
2023,kvinnor,2506,Arjeplog,2521,Pajala,0,0,0
2023,kvinnor,2506,Arjeplog,2523,Gällivare,0,0,0
2023,kvinnor,2506,Arjeplog,2560,Älvsbyn,0,0,1
2023,kvinnor,2506,Arjeplog,2580,Luleå,8,0,1
2023,kvinnor,2506,Arjeplog,2581,Piteå,9,0,1
2023,kvinnor,2506,Arjeplog,2582,Boden,3,0,1
2023,kvinnor,2506,Arjeplog,2583,Haparanda,0,0,0
2023,kvinnor,2506,Arjeplog,2584,Kiruna,0,0,0
2023,kvinnor,2510,Jokkmokk,2505,Arvidsjaur,0,0,0
2023,kvinnor,2510,Jokkmokk,2506,Arjeplog,0,0,0
2023,kvinnor,2510,Jokkmokk,2510,Jokkmokk,1018,0,0
2023,kvinnor,2510,Jokkmokk,2513,Överkalix,0,0,0
2023,kvinnor,2510,Jokkmokk,2514,Kalix,0,0,1
2023,kvinnor,2510,Jokkmokk,2518,Övertorneå,0,0,0
2023,kvinnor,2510,Jokkmokk,2521,Pajala,0,0,0
2023,kvinnor,2510,Jokkmokk,2523,Gällivare,57,0,0
2023,kvinnor,2510,Jokkmokk,2560,Älvsbyn,0,0,1
2023,kvinnor,2510,Jokkmokk,2580,Luleå,26,0,1
2023,kvinnor,2510,Jokkmokk,2581,Piteå,5,0,1
2023,kvinnor,2510,Jokkmokk,2582,Boden,15,0,1
2023,kvinnor,2510,Jokkmokk,2583,Haparanda,0,0,0
2023,kvinnor,2510,Jokkmokk,2584,Kiruna,15,0,0
2023,kvinnor,2513,Överkalix,2505,Arvidsjaur,0,0,0
2023,kvinnor,2513,Överkalix,2506,Arjeplog,0,0,0
2023,kvinnor,2513,Överkalix,2510,Jokkmokk,0,0,0
2023,kvinnor,2513,Överkalix,2513,Överkalix,551,0,0
2023,kvinnor,2513,Överkalix,2514,Kalix,20,0,1
2023,kvinnor,2513,Överkalix,2518,Övertorneå,15,0,0
2023,kvinnor,2513,Överkalix,2521,Pajala,3,0,0
2023,kvinnor,2513,Överkalix,2523,Gällivare,9,0,0
2023,kvinnor,2513,Överkalix,2560,Älvsbyn,3,0,1
2023,kvinnor,2513,Överkalix,2580,Luleå,29,0,1
2023,kvinnor,2513,Överkalix,2581,Piteå,0,0,1
2023,kvinnor,2513,Överkalix,2582,Boden,7,0,1
2023,kvinnor,2513,Överkalix,2583,Haparanda,0,0,0
2023,kvinnor,2513,Överkalix,2584,Kiruna,3,0,0
2023,kvinnor,2514,Kalix,2505,Arvidsjaur,3,1,0
2023,kvinnor,2514,Kalix,2506,Arjeplog,0,1,0
2023,kvinnor,2514,Kalix,2510,Jokkmokk,0,1,0
2023,kvinnor,2514,Kalix,2513,Överkalix,13,1,0
2023,kvinnor,2514,Kalix,2514,Kalix,3048,1,1
2023,kvinnor,2514,Kalix,2518,Övertorneå,11,1,0
2023,kvinnor,2514,Kalix,2521,Pajala,5,1,0
2023,kvinnor,2514,Kalix,2523,Gällivare,6,1,0
2023,kvinnor,2514,Kalix,2560,Älvsbyn,7,1,1
2023,kvinnor,2514,Kalix,2580,Luleå,228,1,1
2023,kvinnor,2514,Kalix,2581,Piteå,11,1,1
2023,kvinnor,2514,Kalix,2582,Boden,19,1,1
2023,kvinnor,2514,Kalix,2583,Haparanda,65,1,0
2023,kvinnor,2514,Kalix,2584,Kiruna,3,1,0
2023,kvinnor,2518,Övertorneå,2505,Arvidsjaur,0,0,0
2023,kvinnor,2518,Övertorneå,2506,Arjeplog,0,0,0
2023,kvinnor,2518,Övertorneå,2510,Jokkmokk,0,0,0
2023,kvinnor,2518,Övertorneå,2513,Överkalix,11,0,0
2023,kvinnor,2518,Övertorneå,2514,Kalix,11,0,1
2023,kvinnor,2518,Övertorneå,2518,Övertorneå,709,0,0
2023,kvinnor,2518,Övertorneå,2521,Pajala,25,0,0
2023,kvinnor,2518,Övertorneå,2523,Gällivare,3,0,0
2023,kvinnor,2518,Övertorneå,2560,Älvsbyn,0,0,1
2023,kvinnor,2518,Övertorneå,2580,Luleå,12,0,1
2023,kvinnor,2518,Övertorneå,2581,Piteå,0,0,1
2023,kvinnor,2518,Övertorneå,2582,Boden,3,0,1
2023,kvinnor,2518,Övertorneå,2583,Haparanda,23,0,0
2023,kvinnor,2518,Övertorneå,2584,Kiruna,8,0,0
2023,kvinnor,2521,Pajala,2505,Arvidsjaur,0,0,0
2023,kvinnor,2521,Pajala,2506,Arjeplog,0,0,0
2023,kvinnor,2521,Pajala,2510,Jokkmokk,0,0,0
2023,kvinnor,2521,Pajala,2513,Överkalix,7,0,0
2023,kvinnor,2521,Pajala,2514,Kalix,0,0,1
2023,kvinnor,2521,Pajala,2518,Övertorneå,11,0,0
2023,kvinnor,2521,Pajala,2521,Pajala,1078,0,0
2023,kvinnor,2521,Pajala,2523,Gällivare,11,0,0
2023,kvinnor,2521,Pajala,2560,Älvsbyn,0,0,1
2023,kvinnor,2521,Pajala,2580,Luleå,14,0,1
2023,kvinnor,2521,Pajala,2581,Piteå,0,0,1
2023,kvinnor,2521,Pajala,2582,Boden,5,0,1
2023,kvinnor,2521,Pajala,2583,Haparanda,0,0,0
2023,kvinnor,2521,Pajala,2584,Kiruna,45,0,0
2023,kvinnor,2523,Gällivare,2505,Arvidsjaur,0,0,0
2023,kvinnor,2523,Gällivare,2506,Arjeplog,0,0,0
2023,kvinnor,2523,Gällivare,2510,Jokkmokk,17,0,0
2023,kvinnor,2523,Gällivare,2513,Överkalix,4,0,0
2023,kvinnor,2523,Gällivare,2514,Kalix,4,0,1
2023,kvinnor,2523,Gällivare,2518,Övertorneå,3,0,0
2023,kvinnor,2523,Gällivare,2521,Pajala,7,0,0
2023,kvinnor,2523,Gällivare,2523,Gällivare,4059,0,0
2023,kvinnor,2523,Gällivare,2560,Älvsbyn,3,0,1
2023,kvinnor,2523,Gällivare,2580,Luleå,70,0,1
2023,kvinnor,2523,Gällivare,2581,Piteå,9,0,1
2023,kvinnor,2523,Gällivare,2582,Boden,11,0,1
2023,kvinnor,2523,Gällivare,2583,Haparanda,4,0,0
2023,kvinnor,2523,Gällivare,2584,Kiruna,79,0,0
2023,kvinnor,2560,Älvsbyn,2505,Arvidsjaur,19,1,0
2023,kvinnor,2560,Älvsbyn,2506,Arjeplog,0,1,0
2023,kvinnor,2560,Älvsbyn,2510,Jokkmokk,3,1,0
2023,kvinnor,2560,Älvsbyn,2513,Överkalix,0,1,0
2023,kvinnor,2560,Älvsbyn,2514,Kalix,0,1,1
2023,kvinnor,2560,Älvsbyn,2518,Övertorneå,0,1,0
2023,kvinnor,2560,Älvsbyn,2521,Pajala,0,1,0
2023,kvinnor,2560,Älvsbyn,2523,Gällivare,0,1,0
2023,kvinnor,2560,Älvsbyn,2560,Älvsbyn,1396,1,1
2023,kvinnor,2560,Älvsbyn,2580,Luleå,114,1,1
2023,kvinnor,2560,Älvsbyn,2581,Piteå,108,1,1
2023,kvinnor,2560,Älvsbyn,2582,Boden,36,1,1
2023,kvinnor,2560,Älvsbyn,2583,Haparanda,0,1,0
2023,kvinnor,2560,Älvsbyn,2584,Kiruna,3,1,0
2023,kvinnor,2580,Luleå,2505,Arvidsjaur,3,1,0
2023,kvinnor,2580,Luleå,2506,Arjeplog,3,1,0
2023,kvinnor,2580,Luleå,2510,Jokkmokk,7,1,0
2023,kvinnor,2580,Luleå,2513,Överkalix,19,1,0
2023,kvinnor,2580,Luleå,2514,Kalix,70,1,1
2023,kvinnor,2580,Luleå,2518,Övertorneå,8,1,0
2023,kvinnor,2580,Luleå,2521,Pajala,17,1,0
2023,kvinnor,2580,Luleå,2523,Gällivare,27,1,0
2023,kvinnor,2580,Luleå,2560,Älvsbyn,43,1,1
2023,kvinnor,2580,Luleå,2580,Luleå,18287,1,1
2023,kvinnor,2580,Luleå,2581,Piteå,185,1,1
2023,kvinnor,2580,Luleå,2582,Boden,543,1,1
2023,kvinnor,2580,Luleå,2583,Haparanda,21,1,0
2023,kvinnor,2580,Luleå,2584,Kiruna,36,1,0
2023,kvinnor,2581,Piteå,2505,Arvidsjaur,17,1,0
2023,kvinnor,2581,Piteå,2506,Arjeplog,8,1,0
2023,kvinnor,2581,Piteå,2510,Jokkmokk,8,1,0
2023,kvinnor,2581,Piteå,2513,Överkalix,0,1,0
2023,kvinnor,2581,Piteå,2514,Kalix,15,1,1
2023,kvinnor,2581,Piteå,2518,Övertorneå,0,1,0
2023,kvinnor,2581,Piteå,2521,Pajala,3,1,0
2023,kvinnor,2581,Piteå,2523,Gällivare,15,1,0
2023,kvinnor,2581,Piteå,2560,Älvsbyn,77,1,1
2023,kvinnor,2581,Piteå,2580,Luleå,1041,1,1
2023,kvinnor,2581,Piteå,2581,Piteå,8617,1,1
2023,kvinnor,2581,Piteå,2582,Boden,67,1,1
2023,kvinnor,2581,Piteå,2583,Haparanda,0,1,0
2023,kvinnor,2581,Piteå,2584,Kiruna,19,1,0
2023,kvinnor,2582,Boden,2505,Arvidsjaur,3,1,0
2023,kvinnor,2582,Boden,2506,Arjeplog,0,1,0
2023,kvinnor,2582,Boden,2510,Jokkmokk,7,1,0
2023,kvinnor,2582,Boden,2513,Överkalix,0,1,0
2023,kvinnor,2582,Boden,2514,Kalix,11,1,1
2023,kvinnor,2582,Boden,2518,Övertorneå,3,1,0
2023,kvinnor,2582,Boden,2521,Pajala,4,1,0
2023,kvinnor,2582,Boden,2523,Gällivare,18,1,0
2023,kvinnor,2582,Boden,2560,Älvsbyn,22,1,1
2023,kvinnor,2582,Boden,2580,Luleå,1610,1,1
2023,kvinnor,2582,Boden,2581,Piteå,29,1,1
2023,kvinnor,2582,Boden,2582,Boden,4750,1,1
2023,kvinnor,2582,Boden,2583,Haparanda,0,1,0
2023,kvinnor,2582,Boden,2584,Kiruna,12,1,0
2023,kvinnor,2583,Haparanda,2505,Arvidsjaur,0,0,0
2023,kvinnor,2583,Haparanda,2506,Arjeplog,0,0,0
2023,kvinnor,2583,Haparanda,2510,Jokkmokk,0,0,0
2023,kvinnor,2583,Haparanda,2513,Överkalix,3,0,0
2023,kvinnor,2583,Haparanda,2514,Kalix,74,0,1
2023,kvinnor,2583,Haparanda,2518,Övertorneå,18,0,0
2023,kvinnor,2583,Haparanda,2521,Pajala,6,0,0
2023,kvinnor,2583,Haparanda,2523,Gällivare,3,0,0
2023,kvinnor,2583,Haparanda,2560,Älvsbyn,0,0,1
2023,kvinnor,2583,Haparanda,2580,Luleå,37,0,1
2023,kvinnor,2583,Haparanda,2581,Piteå,0,0,1
2023,kvinnor,2583,Haparanda,2582,Boden,0,0,1
2023,kvinnor,2583,Haparanda,2583,Haparanda,1676,0,0
2023,kvinnor,2583,Haparanda,2584,Kiruna,6,0,0
2023,kvinnor,2584,Kiruna,2505,Arvidsjaur,0,0,0
2023,kvinnor,2584,Kiruna,2506,Arjeplog,0,0,0
2023,kvinnor,2584,Kiruna,2510,Jokkmokk,0,0,0
2023,kvinnor,2584,Kiruna,2513,Överkalix,0,0,0
2023,kvinnor,2584,Kiruna,2514,Kalix,0,0,1
2023,kvinnor,2584,Kiruna,2518,Övertorneå,4,0,0
2023,kvinnor,2584,Kiruna,2521,Pajala,11,0,0
2023,kvinnor,2584,Kiruna,2523,Gällivare,36,0,0
2023,kvinnor,2584,Kiruna,2560,Älvsbyn,0,0,1
2023,kvinnor,2584,Kiruna,2580,Luleå,57,0,1
2023,kvinnor,2584,Kiruna,2581,Piteå,0,0,1
2023,kvinnor,2584,Kiruna,2582,Boden,16,0,1
2023,kvinnor,2584,Kiruna,2583,Haparanda,3,0,0
2023,kvinnor,2584,Kiruna,2584,Kiruna,5401,0,0
2023,män,2505,Arvidsjaur,2505,Arvidsjaur,1283,0,0
2023,män,2505,Arvidsjaur,2506,Arjeplog,68,0,0
2023,män,2505,Arvidsjaur,2510,Jokkmokk,4,0,0
2023,män,2505,Arvidsjaur,2513,Överkalix,0,0,0
2023,män,2505,Arvidsjaur,2514,Kalix,10,0,1
2023,män,2505,Arvidsjaur,2518,Övertorneå,0,0,0
2023,män,2505,Arvidsjaur,2521,Pajala,0,0,0
2023,män,2505,Arvidsjaur,2523,Gällivare,12,0,0
2023,män,2505,Arvidsjaur,2560,Älvsbyn,44,0,1
2023,män,2505,Arvidsjaur,2580,Luleå,28,0,1
2023,män,2505,Arvidsjaur,2581,Piteå,31,0,1
2023,män,2505,Arvidsjaur,2582,Boden,29,0,1
2023,män,2505,Arvidsjaur,2583,Haparanda,3,0,0
2023,män,2505,Arvidsjaur,2584,Kiruna,3,0,0
2023,män,2506,Arjeplog,2505,Arvidsjaur,15,0,0
2023,män,2506,Arjeplog,2506,Arjeplog,637,0,0
2023,män,2506,Arjeplog,2510,Jokkmokk,0,0,0
2023,män,2506,Arjeplog,2513,Överkalix,0,0,0
2023,män,2506,Arjeplog,2514,Kalix,0,0,1
2023,män,2506,Arjeplog,2518,Övertorneå,0,0,0
2023,män,2506,Arjeplog,2521,Pajala,0,0,0
2023,män,2506,Arjeplog,2523,Gällivare,4,0,0
2023,män,2506,Arjeplog,2560,Älvsbyn,5,0,1
2023,män,2506,Arjeplog,2580,Luleå,9,0,1
2023,män,2506,Arjeplog,2581,Piteå,7,0,1
2023,män,2506,Arjeplog,2582,Boden,0,0,1
2023,män,2506,Arjeplog,2583,Haparanda,0,0,0
2023,män,2506,Arjeplog,2584,Kiruna,3,0,0
2023,män,2510,Jokkmokk,2505,Arvidsjaur,0,0,0
2023,män,2510,Jokkmokk,2506,Arjeplog,0,0,0
2023,män,2510,Jokkmokk,2510,Jokkmokk,1012,0,0
2023,män,2510,Jokkmokk,2513,Överkalix,3,0,0
2023,män,2510,Jokkmokk,2514,Kalix,0,0,1
2023,män,2510,Jokkmokk,2518,Övertorneå,0,0,0
2023,män,2510,Jokkmokk,2521,Pajala,0,0,0
2023,män,2510,Jokkmokk,2523,Gällivare,137,0,0
2023,män,2510,Jokkmokk,2560,Älvsbyn,3,0,1
2023,män,2510,Jokkmokk,2580,Luleå,37,0,1
2023,män,2510,Jokkmokk,2581,Piteå,13,0,1
2023,män,2510,Jokkmokk,2582,Boden,20,0,1
2023,män,2510,Jokkmokk,2583,Haparanda,3,0,0
2023,män,2510,Jokkmokk,2584,Kiruna,19,0,0
2023,män,2513,Överkalix,2505,Arvidsjaur,3,0,0
2023,män,2513,Överkalix,2506,Arjeplog,0,0,0
2023,män,2513,Överkalix,2510,Jokkmokk,0,0,0
2023,män,2513,Överkalix,2513,Överkalix,637,0,0
2023,män,2513,Överkalix,2514,Kalix,42,0,1
2023,män,2513,Överkalix,2518,Övertorneå,4,0,0
2023,män,2513,Överkalix,2521,Pajala,7,0,0
2023,män,2513,Överkalix,2523,Gällivare,23,0,0
2023,män,2513,Överkalix,2560,Älvsbyn,9,0,1
2023,män,2513,Överkalix,2580,Luleå,34,0,1
2023,män,2513,Överkalix,2581,Piteå,11,0,1
2023,män,2513,Överkalix,2582,Boden,9,0,1
2023,män,2513,Överkalix,2583,Haparanda,0,0,0
2023,män,2513,Överkalix,2584,Kiruna,9,0,0
2023,män,2514,Kalix,2505,Arvidsjaur,0,1,0
2023,män,2514,Kalix,2506,Arjeplog,0,1,0
2023,män,2514,Kalix,2510,Jokkmokk,0,1,0
2023,män,2514,Kalix,2513,Överkalix,39,1,0
2023,män,2514,Kalix,2514,Kalix,3135,1,1
2023,män,2514,Kalix,2518,Övertorneå,13,1,0
2023,män,2514,Kalix,2521,Pajala,4,1,0
2023,män,2514,Kalix,2523,Gällivare,41,1,0
2023,män,2514,Kalix,2560,Älvsbyn,21,1,1
2023,män,2514,Kalix,2580,Luleå,423,1,1
2023,män,2514,Kalix,2581,Piteå,36,1,1
2023,män,2514,Kalix,2582,Boden,66,1,1
2023,män,2514,Kalix,2583,Haparanda,79,1,0
2023,män,2514,Kalix,2584,Kiruna,29,1,0
2023,män,2518,Övertorneå,2505,Arvidsjaur,0,0,0
2023,män,2518,Övertorneå,2506,Arjeplog,0,0,0
2023,män,2518,Övertorneå,2510,Jokkmokk,0,0,0
2023,män,2518,Övertorneå,2513,Överkalix,10,0,0
2023,män,2518,Övertorneå,2514,Kalix,11,0,1
2023,män,2518,Övertorneå,2518,Övertorneå,788,0,0
2023,män,2518,Övertorneå,2521,Pajala,38,0,0
2023,män,2518,Övertorneå,2523,Gällivare,12,0,0
2023,män,2518,Övertorneå,2560,Älvsbyn,5,0,1
2023,män,2518,Övertorneå,2580,Luleå,39,0,1
2023,män,2518,Övertorneå,2581,Piteå,3,0,1
2023,män,2518,Övertorneå,2582,Boden,6,0,1
2023,män,2518,Övertorneå,2583,Haparanda,20,0,0
2023,män,2518,Övertorneå,2584,Kiruna,36,0,0
2023,män,2521,Pajala,2505,Arvidsjaur,0,0,0
2023,män,2521,Pajala,2506,Arjeplog,0,0,0
2023,män,2521,Pajala,2510,Jokkmokk,0,0,0
2023,män,2521,Pajala,2513,Överkalix,11,0,0
2023,män,2521,Pajala,2514,Kalix,3,0,1
2023,män,2521,Pajala,2518,Övertorneå,9,0,0
2023,män,2521,Pajala,2521,Pajala,1292,0,0
2023,män,2521,Pajala,2523,Gällivare,46,0,0
2023,män,2521,Pajala,2560,Älvsbyn,0,0,1
2023,män,2521,Pajala,2580,Luleå,29,0,1
2023,män,2521,Pajala,2581,Piteå,4,0,1
2023,män,2521,Pajala,2582,Boden,17,0,1
2023,män,2521,Pajala,2583,Haparanda,7,0,0
2023,män,2521,Pajala,2584,Kiruna,101,0,0
2023,män,2523,Gällivare,2505,Arvidsjaur,3,0,0
2023,män,2523,Gällivare,2506,Arjeplog,0,0,0
2023,män,2523,Gällivare,2510,Jokkmokk,10,0,0
2023,män,2523,Gällivare,2513,Överkalix,3,0,0
2023,män,2523,Gällivare,2514,Kalix,5,0,1
2023,män,2523,Gällivare,2518,Övertorneå,3,0,0
2023,män,2523,Gällivare,2521,Pajala,10,0,0
2023,män,2523,Gällivare,2523,Gällivare,4618,0,0
2023,män,2523,Gällivare,2560,Älvsbyn,0,0,1
2023,män,2523,Gällivare,2580,Luleå,92,0,1
2023,män,2523,Gällivare,2581,Piteå,10,0,1
2023,män,2523,Gällivare,2582,Boden,29,0,1
2023,män,2523,Gällivare,2583,Haparanda,12,0,0
2023,män,2523,Gällivare,2584,Kiruna,130,0,0
2023,män,2560,Älvsbyn,2505,Arvidsjaur,69,1,0
2023,män,2560,Älvsbyn,2506,Arjeplog,3,1,0
2023,män,2560,Älvsbyn,2510,Jokkmokk,5,1,0
2023,män,2560,Älvsbyn,2513,Överkalix,0,1,0
2023,män,2560,Älvsbyn,2514,Kalix,3,1,1
2023,män,2560,Älvsbyn,2518,Övertorneå,0,1,0
2023,män,2560,Älvsbyn,2521,Pajala,0,1,0
2023,män,2560,Älvsbyn,2523,Gällivare,7,1,0
2023,män,2560,Älvsbyn,2560,Älvsbyn,1342,1,1
2023,män,2560,Älvsbyn,2580,Luleå,288,1,1
2023,män,2560,Älvsbyn,2581,Piteå,188,1,1
2023,män,2560,Älvsbyn,2582,Boden,90,1,1
2023,män,2560,Älvsbyn,2583,Haparanda,0,1,0
2023,män,2560,Älvsbyn,2584,Kiruna,3,1,0
2023,män,2580,Luleå,2505,Arvidsjaur,28,1,0
2023,män,2580,Luleå,2506,Arjeplog,7,1,0
2023,män,2580,Luleå,2510,Jokkmokk,13,1,0
2023,män,2580,Luleå,2513,Överkalix,29,1,0
2023,män,2580,Luleå,2514,Kalix,137,1,1
2023,män,2580,Luleå,2518,Övertorneå,21,1,0
2023,män,2580,Luleå,2521,Pajala,25,1,0
2023,män,2580,Luleå,2523,Gällivare,95,1,0
2023,män,2580,Luleå,2560,Älvsbyn,98,1,1
2023,män,2580,Luleå,2580,Luleå,18804,1,1
2023,män,2580,Luleå,2581,Piteå,326,1,1
2023,män,2580,Luleå,2582,Boden,632,1,1
2023,män,2580,Luleå,2583,Haparanda,24,1,0
2023,män,2580,Luleå,2584,Kiruna,96,1,0
2023,män,2581,Piteå,2505,Arvidsjaur,31,1,0
2023,män,2581,Piteå,2506,Arjeplog,14,1,0
2023,män,2581,Piteå,2510,Jokkmokk,15,1,0
2023,män,2581,Piteå,2513,Överkalix,13,1,0
2023,män,2581,Piteå,2514,Kalix,13,1,1
2023,män,2581,Piteå,2518,Övertorneå,0,1,0
2023,män,2581,Piteå,2521,Pajala,10,1,0
2023,män,2581,Piteå,2523,Gällivare,44,1,0
2023,män,2581,Piteå,2560,Älvsbyn,118,1,1
2023,män,2581,Piteå,2580,Luleå,1450,1,1
2023,män,2581,Piteå,2581,Piteå,8788,1,1
2023,män,2581,Piteå,2582,Boden,106,1,1
2023,män,2581,Piteå,2583,Haparanda,0,1,0
2023,män,2581,Piteå,2584,Kiruna,33,1,0
2023,män,2582,Boden,2505,Arvidsjaur,7,1,0
2023,män,2582,Boden,2506,Arjeplog,0,1,0
2023,män,2582,Boden,2510,Jokkmokk,14,1,0
2023,män,2582,Boden,2513,Överkalix,8,1,0
2023,män,2582,Boden,2514,Kalix,24,1,1
2023,män,2582,Boden,2518,Övertorneå,5,1,0
2023,män,2582,Boden,2521,Pajala,5,1,0
2023,män,2582,Boden,2523,Gällivare,25,1,0
2023,män,2582,Boden,2560,Älvsbyn,51,1,1
2023,män,2582,Boden,2580,Luleå,1848,1,1
2023,män,2582,Boden,2581,Piteå,74,1,1
2023,män,2582,Boden,2582,Boden,4808,1,1
2023,män,2582,Boden,2583,Haparanda,3,1,0
2023,män,2582,Boden,2584,Kiruna,35,1,0
2023,män,2583,Haparanda,2505,Arvidsjaur,0,0,0
2023,män,2583,Haparanda,2506,Arjeplog,0,0,0
2023,män,2583,Haparanda,2510,Jokkmokk,0,0,0
2023,män,2583,Haparanda,2513,Överkalix,6,0,0
2023,män,2583,Haparanda,2514,Kalix,106,0,1
2023,män,2583,Haparanda,2518,Övertorneå,20,0,0
2023,män,2583,Haparanda,2521,Pajala,12,0,0
2023,män,2583,Haparanda,2523,Gällivare,8,0,0
2023,män,2583,Haparanda,2560,Älvsbyn,6,0,1
2023,män,2583,Haparanda,2580,Luleå,105,0,1
2023,män,2583,Haparanda,2581,Piteå,3,0,1
2023,män,2583,Haparanda,2582,Boden,12,0,1
2023,män,2583,Haparanda,2583,Haparanda,1640,0,0
2023,män,2583,Haparanda,2584,Kiruna,36,0,0
2023,män,2584,Kiruna,2505,Arvidsjaur,0,0,0
2023,män,2584,Kiruna,2506,Arjeplog,0,0,0
2023,män,2584,Kiruna,2510,Jokkmokk,3,0,0
2023,män,2584,Kiruna,2513,Överkalix,0,0,0
2023,män,2584,Kiruna,2514,Kalix,4,0,1
2023,män,2584,Kiruna,2518,Övertorneå,0,0,0
2023,män,2584,Kiruna,2521,Pajala,25,0,0
2023,män,2584,Kiruna,2523,Gällivare,55,0,0
2023,män,2584,Kiruna,2560,Älvsbyn,0,0,1
2023,män,2584,Kiruna,2580,Luleå,80,0,1
2023,män,2584,Kiruna,2581,Piteå,3,0,1
2023,män,2584,Kiruna,2582,Boden,23,0,1
2023,män,2584,Kiruna,2583,Haparanda,7,0,0
2023,män,2584,Kiruna,2584,Kiruna,6383,0,0
2023,totalt,2505,Arvidsjaur,2505,Arvidsjaur,2548,0,0
2023,totalt,2505,Arvidsjaur,2506,Arjeplog,92,0,0
2023,totalt,2505,Arvidsjaur,2510,Jokkmokk,4,0,0
2023,totalt,2505,Arvidsjaur,2513,Överkalix,0,0,0
2023,totalt,2505,Arvidsjaur,2514,Kalix,12,0,1
2023,totalt,2505,Arvidsjaur,2518,Övertorneå,0,0,0
2023,totalt,2505,Arvidsjaur,2521,Pajala,3,0,0
2023,totalt,2505,Arvidsjaur,2523,Gällivare,15,0,0
2023,totalt,2505,Arvidsjaur,2560,Älvsbyn,46,0,1
2023,totalt,2505,Arvidsjaur,2580,Luleå,40,0,1
2023,totalt,2505,Arvidsjaur,2581,Piteå,43,0,1
2023,totalt,2505,Arvidsjaur,2582,Boden,37,0,1
2023,totalt,2505,Arvidsjaur,2583,Haparanda,3,0,0
2023,totalt,2505,Arvidsjaur,2584,Kiruna,3,0,0
2023,totalt,2506,Arjeplog,2505,Arvidsjaur,27,0,0
2023,totalt,2506,Arjeplog,2506,Arjeplog,1218,0,0
2023,totalt,2506,Arjeplog,2510,Jokkmokk,0,0,0
2023,totalt,2506,Arjeplog,2513,Överkalix,0,0,0
2023,totalt,2506,Arjeplog,2514,Kalix,0,0,1
2023,totalt,2506,Arjeplog,2518,Övertorneå,0,0,0
2023,totalt,2506,Arjeplog,2521,Pajala,0,0,0
2023,totalt,2506,Arjeplog,2523,Gällivare,7,0,0
2023,totalt,2506,Arjeplog,2560,Älvsbyn,5,0,1
2023,totalt,2506,Arjeplog,2580,Luleå,13,0,1
2023,totalt,2506,Arjeplog,2581,Piteå,15,0,1
2023,totalt,2506,Arjeplog,2582,Boden,0,0,1
2023,totalt,2506,Arjeplog,2583,Haparanda,0,0,0
2023,totalt,2506,Arjeplog,2584,Kiruna,3,0,0
2023,totalt,2510,Jokkmokk,2505,Arvidsjaur,5,0,0
2023,totalt,2510,Jokkmokk,2506,Arjeplog,0,0,0
2023,totalt,2510,Jokkmokk,2510,Jokkmokk,2028,0,0
2023,totalt,2510,Jokkmokk,2513,Överkalix,3,0,0
2023,totalt,2510,Jokkmokk,2514,Kalix,0,0,1
2023,totalt,2510,Jokkmokk,2518,Övertorneå,0,0,0
2023,totalt,2510,Jokkmokk,2521,Pajala,0,0,0
2023,totalt,2510,Jokkmokk,2523,Gällivare,196,0,0
2023,totalt,2510,Jokkmokk,2560,Älvsbyn,5,0,1
2023,totalt,2510,Jokkmokk,2580,Luleå,63,0,1
2023,totalt,2510,Jokkmokk,2581,Piteå,19,0,1
2023,totalt,2510,Jokkmokk,2582,Boden,38,0,1
2023,totalt,2510,Jokkmokk,2583,Haparanda,3,0,0
2023,totalt,2510,Jokkmokk,2584,Kiruna,33,0,0
2023,totalt,2513,Överkalix,2505,Arvidsjaur,3,0,0
2023,totalt,2513,Överkalix,2506,Arjeplog,0,0,0
2023,totalt,2513,Överkalix,2510,Jokkmokk,0,0,0
2023,totalt,2513,Överkalix,2513,Överkalix,1189,0,0
2023,totalt,2513,Överkalix,2514,Kalix,60,0,1
2023,totalt,2513,Överkalix,2518,Övertorneå,17,0,0
2023,totalt,2513,Överkalix,2521,Pajala,11,0,0
2023,totalt,2513,Överkalix,2523,Gällivare,30,0,0
2023,totalt,2513,Överkalix,2560,Älvsbyn,9,0,1
2023,totalt,2513,Överkalix,2580,Luleå,62,0,1
2023,totalt,2513,Överkalix,2581,Piteå,12,0,1
2023,totalt,2513,Överkalix,2582,Boden,14,0,1
2023,totalt,2513,Överkalix,2583,Haparanda,0,0,0
2023,totalt,2513,Överkalix,2584,Kiruna,12,0,0
2023,totalt,2514,Kalix,2505,Arvidsjaur,0,1,0
2023,totalt,2514,Kalix,2506,Arjeplog,0,1,0
2023,totalt,2514,Kalix,2510,Jokkmokk,0,1,0
2023,totalt,2514,Kalix,2513,Överkalix,53,1,0
2023,totalt,2514,Kalix,2514,Kalix,6183,1,1
2023,totalt,2514,Kalix,2518,Övertorneå,22,1,0
2023,totalt,2514,Kalix,2521,Pajala,10,1,0
2023,totalt,2514,Kalix,2523,Gällivare,49,1,0
2023,totalt,2514,Kalix,2560,Älvsbyn,24,1,1
2023,totalt,2514,Kalix,2580,Luleå,651,1,1
2023,totalt,2514,Kalix,2581,Piteå,48,1,1
2023,totalt,2514,Kalix,2582,Boden,86,1,1
2023,totalt,2514,Kalix,2583,Haparanda,140,1,0
2023,totalt,2514,Kalix,2584,Kiruna,35,1,0
2023,totalt,2518,Övertorneå,2505,Arvidsjaur,0,0,0
2023,totalt,2518,Övertorneå,2506,Arjeplog,0,0,0
2023,totalt,2518,Övertorneå,2510,Jokkmokk,0,0,0
2023,totalt,2518,Övertorneå,2513,Överkalix,21,0,0
2023,totalt,2518,Övertorneå,2514,Kalix,20,0,1
2023,totalt,2518,Övertorneå,2518,Övertorneå,1496,0,0
2023,totalt,2518,Övertorneå,2521,Pajala,62,0,0
2023,totalt,2518,Övertorneå,2523,Gällivare,15,0,0
2023,totalt,2518,Övertorneå,2560,Älvsbyn,5,0,1
2023,totalt,2518,Övertorneå,2580,Luleå,55,0,1
2023,totalt,2518,Övertorneå,2581,Piteå,3,0,1
2023,totalt,2518,Övertorneå,2582,Boden,9,0,1
2023,totalt,2518,Övertorneå,2583,Haparanda,44,0,0
2023,totalt,2518,Övertorneå,2584,Kiruna,44,0,0
2023,totalt,2521,Pajala,2505,Arvidsjaur,3,0,0
2023,totalt,2521,Pajala,2506,Arjeplog,0,0,0
2023,totalt,2521,Pajala,2510,Jokkmokk,0,0,0
2023,totalt,2521,Pajala,2513,Överkalix,18,0,0
2023,totalt,2521,Pajala,2514,Kalix,6,0,1
2023,totalt,2521,Pajala,2518,Övertorneå,17,0,0
2023,totalt,2521,Pajala,2521,Pajala,2373,0,0
2023,totalt,2521,Pajala,2523,Gällivare,60,0,0
2023,totalt,2521,Pajala,2560,Älvsbyn,0,0,1
2023,totalt,2521,Pajala,2580,Luleå,41,0,1
2023,totalt,2521,Pajala,2581,Piteå,4,0,1
2023,totalt,2521,Pajala,2582,Boden,22,0,1
2023,totalt,2521,Pajala,2583,Haparanda,5,0,0
2023,totalt,2521,Pajala,2584,Kiruna,146,0,0
2023,totalt,2523,Gällivare,2505,Arvidsjaur,3,0,0
2023,totalt,2523,Gällivare,2506,Arjeplog,0,0,0
2023,totalt,2523,Gällivare,2510,Jokkmokk,24,0,0
2023,totalt,2523,Gällivare,2513,Överkalix,7,0,0
2023,totalt,2523,Gällivare,2514,Kalix,11,0,1
2023,totalt,2523,Gällivare,2518,Övertorneå,4,0,0
2023,totalt,2523,Gällivare,2521,Pajala,17,0,0
2023,totalt,2523,Gällivare,2523,Gällivare,8676,0,0
2023,totalt,2523,Gällivare,2560,Älvsbyn,3,0,1
2023,totalt,2523,Gällivare,2580,Luleå,161,0,1
2023,totalt,2523,Gällivare,2581,Piteå,18,0,1
2023,totalt,2523,Gällivare,2582,Boden,40,0,1
2023,totalt,2523,Gällivare,2583,Haparanda,12,0,0
2023,totalt,2523,Gällivare,2584,Kiruna,209,0,0
2023,totalt,2560,Älvsbyn,2505,Arvidsjaur,89,1,0
2023,totalt,2560,Älvsbyn,2506,Arjeplog,3,1,0
2023,totalt,2560,Älvsbyn,2510,Jokkmokk,8,1,0
2023,totalt,2560,Älvsbyn,2513,Överkalix,0,1,0
2023,totalt,2560,Älvsbyn,2514,Kalix,4,1,1
2023,totalt,2560,Älvsbyn,2518,Övertorneå,0,1,0
2023,totalt,2560,Älvsbyn,2521,Pajala,0,1,0
2023,totalt,2560,Älvsbyn,2523,Gällivare,7,1,0
2023,totalt,2560,Älvsbyn,2560,Älvsbyn,2738,1,1
2023,totalt,2560,Älvsbyn,2580,Luleå,403,1,1
2023,totalt,2560,Älvsbyn,2581,Piteå,297,1,1
2023,totalt,2560,Älvsbyn,2582,Boden,125,1,1
2023,totalt,2560,Älvsbyn,2583,Haparanda,0,1,0
2023,totalt,2560,Älvsbyn,2584,Kiruna,5,1,0
2023,totalt,2580,Luleå,2505,Arvidsjaur,28,1,0
2023,totalt,2580,Luleå,2506,Arjeplog,9,1,0
2023,totalt,2580,Luleå,2510,Jokkmokk,19,1,0
2023,totalt,2580,Luleå,2513,Överkalix,45,1,0
2023,totalt,2580,Luleå,2514,Kalix,210,1,1
2023,totalt,2580,Luleå,2518,Övertorneå,33,1,0
2023,totalt,2580,Luleå,2521,Pajala,42,1,0
2023,totalt,2580,Luleå,2523,Gällivare,121,1,0
2023,totalt,2580,Luleå,2560,Älvsbyn,138,1,1
2023,totalt,2580,Luleå,2580,Luleå,37088,1,1
2023,totalt,2580,Luleå,2581,Piteå,510,1,1
2023,totalt,2580,Luleå,2582,Boden,1173,1,1
2023,totalt,2580,Luleå,2583,Haparanda,43,1,0
2023,totalt,2580,Luleå,2584,Kiruna,135,1,0
2023,totalt,2581,Piteå,2505,Arvidsjaur,46,1,0
2023,totalt,2581,Piteå,2506,Arjeplog,21,1,0
2023,totalt,2581,Piteå,2510,Jokkmokk,21,1,0
2023,totalt,2581,Piteå,2513,Överkalix,10,1,0
2023,totalt,2581,Piteå,2514,Kalix,25,1,1
2023,totalt,2581,Piteå,2518,Övertorneå,0,1,0
2023,totalt,2581,Piteå,2521,Pajala,11,1,0
2023,totalt,2581,Piteå,2523,Gällivare,63,1,0
2023,totalt,2581,Piteå,2560,Älvsbyn,196,1,1
2023,totalt,2581,Piteå,2580,Luleå,2488,1,1
2023,totalt,2581,Piteå,2581,Piteå,17403,1,1
2023,totalt,2581,Piteå,2582,Boden,173,1,1
2023,totalt,2581,Piteå,2583,Haparanda,3,1,0
2023,totalt,2581,Piteå,2584,Kiruna,49,1,0
2023,totalt,2582,Boden,2505,Arvidsjaur,9,1,0
2023,totalt,2582,Boden,2506,Arjeplog,0,1,0
2023,totalt,2582,Boden,2510,Jokkmokk,19,1,0
2023,totalt,2582,Boden,2513,Överkalix,12,1,0
2023,totalt,2582,Boden,2514,Kalix,33,1,1
2023,totalt,2582,Boden,2518,Övertorneå,10,1,0
2023,totalt,2582,Boden,2521,Pajala,13,1,0
2023,totalt,2582,Boden,2523,Gällivare,46,1,0
2023,totalt,2582,Boden,2560,Älvsbyn,71,1,1
2023,totalt,2582,Boden,2580,Luleå,3458,1,1
2023,totalt,2582,Boden,2581,Piteå,103,1,1
2023,totalt,2582,Boden,2582,Boden,9559,1,1
2023,totalt,2582,Boden,2583,Haparanda,4,1,0
2023,totalt,2582,Boden,2584,Kiruna,48,1,0
2023,totalt,2583,Haparanda,2505,Arvidsjaur,0,0,0
2023,totalt,2583,Haparanda,2506,Arjeplog,0,0,0
2023,totalt,2583,Haparanda,2510,Jokkmokk,0,0,0
2023,totalt,2583,Haparanda,2513,Överkalix,6,0,0
2023,totalt,2583,Haparanda,2514,Kalix,182,0,1
2023,totalt,2583,Haparanda,2518,Övertorneå,36,0,0
2023,totalt,2583,Haparanda,2521,Pajala,17,0,0
2023,totalt,2583,Haparanda,2523,Gällivare,7,0,0
2023,totalt,2583,Haparanda,2560,Älvsbyn,6,0,1
2023,totalt,2583,Haparanda,2580,Luleå,142,0,1
2023,totalt,2583,Haparanda,2581,Piteå,8,0,1
2023,totalt,2583,Haparanda,2582,Boden,13,0,1
2023,totalt,2583,Haparanda,2583,Haparanda,3320,0,0
2023,totalt,2583,Haparanda,2584,Kiruna,42,0,0
2023,totalt,2584,Kiruna,2505,Arvidsjaur,0,0,0
2023,totalt,2584,Kiruna,2506,Arjeplog,0,0,0
2023,totalt,2584,Kiruna,2510,Jokkmokk,5,0,0
2023,totalt,2584,Kiruna,2513,Överkalix,0,0,0
2023,totalt,2584,Kiruna,2514,Kalix,4,0,1
2023,totalt,2584,Kiruna,2518,Övertorneå,5,0,0
2023,totalt,2584,Kiruna,2521,Pajala,37,0,0
2023,totalt,2584,Kiruna,2523,Gällivare,87,0,0
2023,totalt,2584,Kiruna,2560,Älvsbyn,0,0,1
2023,totalt,2584,Kiruna,2580,Luleå,137,0,1
2023,totalt,2584,Kiruna,2581,Piteå,8,0,1
2023,totalt,2584,Kiruna,2582,Boden,35,0,1
2023,totalt,2584,Kiruna,2583,Haparanda,10,0,0
2023,totalt,2584,Kiruna,2584,Kiruna,11784,0,0
2024,kvinnor,2505,Arvidsjaur,2505,Arvidsjaur,1278,0,0
2024,kvinnor,2505,Arvidsjaur,2506,Arjeplog,20,0,0
2024,kvinnor,2505,Arvidsjaur,2510,Jokkmokk,3,0,0
2024,kvinnor,2505,Arvidsjaur,2513,Överkalix,0,0,0
2024,kvinnor,2505,Arvidsjaur,2514,Kalix,3,0,1
2024,kvinnor,2505,Arvidsjaur,2518,Övertorneå,0,0,0
2024,kvinnor,2505,Arvidsjaur,2521,Pajala,3,0,0
2024,kvinnor,2505,Arvidsjaur,2523,Gällivare,0,0,0
2024,kvinnor,2505,Arvidsjaur,2560,Älvsbyn,10,0,1
2024,kvinnor,2505,Arvidsjaur,2580,Luleå,10,0,1
2024,kvinnor,2505,Arvidsjaur,2581,Piteå,13,0,1
2024,kvinnor,2505,Arvidsjaur,2582,Boden,14,0,1
2024,kvinnor,2505,Arvidsjaur,2583,Haparanda,0,0,0
2024,kvinnor,2505,Arvidsjaur,2584,Kiruna,6,0,0
2024,kvinnor,2506,Arjeplog,2505,Arvidsjaur,18,0,0
2024,kvinnor,2506,Arjeplog,2506,Arjeplog,579,0,0
2024,kvinnor,2506,Arjeplog,2510,Jokkmokk,0,0,0
2024,kvinnor,2506,Arjeplog,2513,Överkalix,0,0,0
2024,kvinnor,2506,Arjeplog,2514,Kalix,0,0,1
2024,kvinnor,2506,Arjeplog,2518,Övertorneå,0,0,0
2024,kvinnor,2506,Arjeplog,2521,Pajala,0,0,0
2024,kvinnor,2506,Arjeplog,2523,Gällivare,3,0,0
2024,kvinnor,2506,Arjeplog,2560,Älvsbyn,0,0,1
2024,kvinnor,2506,Arjeplog,2580,Luleå,9,0,1
2024,kvinnor,2506,Arjeplog,2581,Piteå,7,0,1
2024,kvinnor,2506,Arjeplog,2582,Boden,0,0,1
2024,kvinnor,2506,Arjeplog,2583,Haparanda,0,0,0
2024,kvinnor,2506,Arjeplog,2584,Kiruna,0,0,0
2024,kvinnor,2510,Jokkmokk,2505,Arvidsjaur,0,0,0
2024,kvinnor,2510,Jokkmokk,2506,Arjeplog,0,0,0
2024,kvinnor,2510,Jokkmokk,2510,Jokkmokk,1009,0,0
2024,kvinnor,2510,Jokkmokk,2513,Överkalix,0,0,0
2024,kvinnor,2510,Jokkmokk,2514,Kalix,3,0,1
2024,kvinnor,2510,Jokkmokk,2518,Övertorneå,0,0,0
2024,kvinnor,2510,Jokkmokk,2521,Pajala,0,0,0
2024,kvinnor,2510,Jokkmokk,2523,Gällivare,63,0,0
2024,kvinnor,2510,Jokkmokk,2560,Älvsbyn,0,0,1
2024,kvinnor,2510,Jokkmokk,2580,Luleå,22,0,1
2024,kvinnor,2510,Jokkmokk,2581,Piteå,3,0,1
2024,kvinnor,2510,Jokkmokk,2582,Boden,16,0,1
2024,kvinnor,2510,Jokkmokk,2583,Haparanda,0,0,0
2024,kvinnor,2510,Jokkmokk,2584,Kiruna,12,0,0
2024,kvinnor,2513,Överkalix,2505,Arvidsjaur,0,0,0
2024,kvinnor,2513,Överkalix,2506,Arjeplog,0,0,0
2024,kvinnor,2513,Överkalix,2510,Jokkmokk,0,0,0
2024,kvinnor,2513,Överkalix,2513,Överkalix,564,0,0
2024,kvinnor,2513,Överkalix,2514,Kalix,17,0,1
2024,kvinnor,2513,Överkalix,2518,Övertorneå,8,0,0
2024,kvinnor,2513,Överkalix,2521,Pajala,6,0,0
2024,kvinnor,2513,Överkalix,2523,Gällivare,9,0,0
2024,kvinnor,2513,Överkalix,2560,Älvsbyn,3,0,1
2024,kvinnor,2513,Överkalix,2580,Luleå,29,0,1
2024,kvinnor,2513,Överkalix,2581,Piteå,0,0,1
2024,kvinnor,2513,Överkalix,2582,Boden,3,0,1
2024,kvinnor,2513,Överkalix,2583,Haparanda,0,0,0
2024,kvinnor,2513,Överkalix,2584,Kiruna,3,0,0
2024,kvinnor,2514,Kalix,2505,Arvidsjaur,3,1,0
2024,kvinnor,2514,Kalix,2506,Arjeplog,0,1,0
2024,kvinnor,2514,Kalix,2510,Jokkmokk,0,1,0
2024,kvinnor,2514,Kalix,2513,Överkalix,13,1,0
2024,kvinnor,2514,Kalix,2514,Kalix,3002,1,1
2024,kvinnor,2514,Kalix,2518,Övertorneå,14,1,0
2024,kvinnor,2514,Kalix,2521,Pajala,5,1,0
2024,kvinnor,2514,Kalix,2523,Gällivare,9,1,0
2024,kvinnor,2514,Kalix,2560,Älvsbyn,7,1,1
2024,kvinnor,2514,Kalix,2580,Luleå,243,1,1
2024,kvinnor,2514,Kalix,2581,Piteå,11,1,1
2024,kvinnor,2514,Kalix,2582,Boden,23,1,1
2024,kvinnor,2514,Kalix,2583,Haparanda,64,1,0
2024,kvinnor,2514,Kalix,2584,Kiruna,0,1,0
2024,kvinnor,2518,Övertorneå,2505,Arvidsjaur,0,0,0
2024,kvinnor,2518,Övertorneå,2506,Arjeplog,3,0,0
2024,kvinnor,2518,Övertorneå,2510,Jokkmokk,0,0,0
2024,kvinnor,2518,Övertorneå,2513,Överkalix,22,0,0
2024,kvinnor,2518,Övertorneå,2514,Kalix,7,0,1
2024,kvinnor,2518,Övertorneå,2518,Övertorneå,688,0,0
2024,kvinnor,2518,Övertorneå,2521,Pajala,27,0,0
2024,kvinnor,2518,Övertorneå,2523,Gällivare,3,0,0
2024,kvinnor,2518,Övertorneå,2560,Älvsbyn,0,0,1
2024,kvinnor,2518,Övertorneå,2580,Luleå,19,0,1
2024,kvinnor,2518,Övertorneå,2581,Piteå,0,0,1
2024,kvinnor,2518,Övertorneå,2582,Boden,3,0,1
2024,kvinnor,2518,Övertorneå,2583,Haparanda,18,0,0
2024,kvinnor,2518,Övertorneå,2584,Kiruna,10,0,0
2024,kvinnor,2521,Pajala,2505,Arvidsjaur,0,0,0
2024,kvinnor,2521,Pajala,2506,Arjeplog,0,0,0
2024,kvinnor,2521,Pajala,2510,Jokkmokk,0,0,0
2024,kvinnor,2521,Pajala,2513,Överkalix,9,0,0
2024,kvinnor,2521,Pajala,2514,Kalix,0,0,1
2024,kvinnor,2521,Pajala,2518,Övertorneå,9,0,0
2024,kvinnor,2521,Pajala,2521,Pajala,1083,0,0
2024,kvinnor,2521,Pajala,2523,Gällivare,11,0,0
2024,kvinnor,2521,Pajala,2560,Älvsbyn,0,0,1
2024,kvinnor,2521,Pajala,2580,Luleå,13,0,1
2024,kvinnor,2521,Pajala,2581,Piteå,0,0,1
2024,kvinnor,2521,Pajala,2582,Boden,5,0,1
2024,kvinnor,2521,Pajala,2583,Haparanda,5,0,0
2024,kvinnor,2521,Pajala,2584,Kiruna,44,0,0
2024,kvinnor,2523,Gällivare,2505,Arvidsjaur,0,0,0
2024,kvinnor,2523,Gällivare,2506,Arjeplog,0,0,0
2024,kvinnor,2523,Gällivare,2510,Jokkmokk,18,0,0
2024,kvinnor,2523,Gällivare,2513,Överkalix,5,0,0
2024,kvinnor,2523,Gällivare,2514,Kalix,5,0,1
2024,kvinnor,2523,Gällivare,2518,Övertorneå,3,0,0
2024,kvinnor,2523,Gällivare,2521,Pajala,5,0,0
2024,kvinnor,2523,Gällivare,2523,Gällivare,4075,0,0
2024,kvinnor,2523,Gällivare,2560,Älvsbyn,3,0,1
2024,kvinnor,2523,Gällivare,2580,Luleå,68,0,1
2024,kvinnor,2523,Gällivare,2581,Piteå,8,0,1
2024,kvinnor,2523,Gällivare,2582,Boden,10,0,1
2024,kvinnor,2523,Gällivare,2583,Haparanda,4,0,0
2024,kvinnor,2523,Gällivare,2584,Kiruna,67,0,0
2024,kvinnor,2560,Älvsbyn,2505,Arvidsjaur,33,1,0
2024,kvinnor,2560,Älvsbyn,2506,Arjeplog,0,1,0
2024,kvinnor,2560,Älvsbyn,2510,Jokkmokk,10,1,0
2024,kvinnor,2560,Älvsbyn,2513,Överkalix,0,1,0
2024,kvinnor,2560,Älvsbyn,2514,Kalix,0,1,1
2024,kvinnor,2560,Älvsbyn,2518,Övertorneå,0,1,0
2024,kvinnor,2560,Älvsbyn,2521,Pajala,0,1,0
2024,kvinnor,2560,Älvsbyn,2523,Gällivare,4,1,0
2024,kvinnor,2560,Älvsbyn,2560,Älvsbyn,1361,1,1
2024,kvinnor,2560,Älvsbyn,2580,Luleå,118,1,1
2024,kvinnor,2560,Älvsbyn,2581,Piteå,125,1,1
2024,kvinnor,2560,Älvsbyn,2582,Boden,38,1,1
2024,kvinnor,2560,Älvsbyn,2583,Haparanda,0,1,0
2024,kvinnor,2560,Älvsbyn,2584,Kiruna,0,1,0
2024,kvinnor,2580,Luleå,2505,Arvidsjaur,3,1,0
2024,kvinnor,2580,Luleå,2506,Arjeplog,0,1,0
2024,kvinnor,2580,Luleå,2510,Jokkmokk,11,1,0
2024,kvinnor,2580,Luleå,2513,Överkalix,18,1,0
2024,kvinnor,2580,Luleå,2514,Kalix,70,1,1
2024,kvinnor,2580,Luleå,2518,Övertorneå,7,1,0
2024,kvinnor,2580,Luleå,2521,Pajala,14,1,0
2024,kvinnor,2580,Luleå,2523,Gällivare,34,1,0
2024,kvinnor,2580,Luleå,2560,Älvsbyn,49,1,1
2024,kvinnor,2580,Luleå,2580,Luleå,18463,1,1
2024,kvinnor,2580,Luleå,2581,Piteå,194,1,1
2024,kvinnor,2580,Luleå,2582,Boden,598,1,1
2024,kvinnor,2580,Luleå,2583,Haparanda,17,1,0
2024,kvinnor,2580,Luleå,2584,Kiruna,52,1,0
2024,kvinnor,2581,Piteå,2505,Arvidsjaur,13,1,0
2024,kvinnor,2581,Piteå,2506,Arjeplog,16,1,0
2024,kvinnor,2581,Piteå,2510,Jokkmokk,5,1,0
2024,kvinnor,2581,Piteå,2513,Överkalix,0,1,0
2024,kvinnor,2581,Piteå,2514,Kalix,11,1,1
2024,kvinnor,2581,Piteå,2518,Övertorneå,3,1,0
2024,kvinnor,2581,Piteå,2521,Pajala,4,1,0
2024,kvinnor,2581,Piteå,2523,Gällivare,19,1,0
2024,kvinnor,2581,Piteå,2560,Älvsbyn,84,1,1
2024,kvinnor,2581,Piteå,2580,Luleå,1074,1,1
2024,kvinnor,2581,Piteå,2581,Piteå,8658,1,1
2024,kvinnor,2581,Piteå,2582,Boden,65,1,1
2024,kvinnor,2581,Piteå,2583,Haparanda,0,1,0
2024,kvinnor,2581,Piteå,2584,Kiruna,19,1,0
2024,kvinnor,2582,Boden,2505,Arvidsjaur,0,1,0
2024,kvinnor,2582,Boden,2506,Arjeplog,0,1,0
2024,kvinnor,2582,Boden,2510,Jokkmokk,10,1,0
2024,kvinnor,2582,Boden,2513,Överkalix,3,1,0
2024,kvinnor,2582,Boden,2514,Kalix,11,1,1
2024,kvinnor,2582,Boden,2518,Övertorneå,0,1,0
2024,kvinnor,2582,Boden,2521,Pajala,7,1,0
2024,kvinnor,2582,Boden,2523,Gällivare,17,1,0
2024,kvinnor,2582,Boden,2560,Älvsbyn,14,1,1
2024,kvinnor,2582,Boden,2580,Luleå,1599,1,1
2024,kvinnor,2582,Boden,2581,Piteå,29,1,1
2024,kvinnor,2582,Boden,2582,Boden,4761,1,1
2024,kvinnor,2582,Boden,2583,Haparanda,3,1,0
2024,kvinnor,2582,Boden,2584,Kiruna,10,1,0
2024,kvinnor,2583,Haparanda,2505,Arvidsjaur,0,0,0
2024,kvinnor,2583,Haparanda,2506,Arjeplog,0,0,0
2024,kvinnor,2583,Haparanda,2510,Jokkmokk,0,0,0
2024,kvinnor,2583,Haparanda,2513,Överkalix,0,0,0
2024,kvinnor,2583,Haparanda,2514,Kalix,74,0,1
2024,kvinnor,2583,Haparanda,2518,Övertorneå,18,0,0
2024,kvinnor,2583,Haparanda,2521,Pajala,4,0,0
2024,kvinnor,2583,Haparanda,2523,Gällivare,3,0,0
2024,kvinnor,2583,Haparanda,2560,Älvsbyn,3,0,1
2024,kvinnor,2583,Haparanda,2580,Luleå,36,0,1
2024,kvinnor,2583,Haparanda,2581,Piteå,0,0,1
2024,kvinnor,2583,Haparanda,2582,Boden,9,0,1
2024,kvinnor,2583,Haparanda,2583,Haparanda,1610,0,0
2024,kvinnor,2583,Haparanda,2584,Kiruna,12,0,0
2024,kvinnor,2584,Kiruna,2505,Arvidsjaur,0,0,0
2024,kvinnor,2584,Kiruna,2506,Arjeplog,0,0,0
2024,kvinnor,2584,Kiruna,2510,Jokkmokk,3,0,0
2024,kvinnor,2584,Kiruna,2513,Överkalix,0,0,0
2024,kvinnor,2584,Kiruna,2514,Kalix,0,0,1
2024,kvinnor,2584,Kiruna,2518,Övertorneå,3,0,0
2024,kvinnor,2584,Kiruna,2521,Pajala,14,0,0
2024,kvinnor,2584,Kiruna,2523,Gällivare,32,0,0
2024,kvinnor,2584,Kiruna,2560,Älvsbyn,0,0,1
2024,kvinnor,2584,Kiruna,2580,Luleå,58,0,1
2024,kvinnor,2584,Kiruna,2581,Piteå,3,0,1
2024,kvinnor,2584,Kiruna,2582,Boden,17,0,1
2024,kvinnor,2584,Kiruna,2583,Haparanda,3,0,0
2024,kvinnor,2584,Kiruna,2584,Kiruna,5398,0,0
2024,män,2505,Arvidsjaur,2505,Arvidsjaur,1287,0,0
2024,män,2505,Arvidsjaur,2506,Arjeplog,41,0,0
2024,män,2505,Arvidsjaur,2510,Jokkmokk,6,0,0
2024,män,2505,Arvidsjaur,2513,Överkalix,0,0,0
2024,män,2505,Arvidsjaur,2514,Kalix,10,0,1
2024,män,2505,Arvidsjaur,2518,Övertorneå,0,0,0
2024,män,2505,Arvidsjaur,2521,Pajala,0,0,0
2024,män,2505,Arvidsjaur,2523,Gällivare,15,0,0
2024,män,2505,Arvidsjaur,2560,Älvsbyn,36,0,1
2024,män,2505,Arvidsjaur,2580,Luleå,22,0,1
2024,män,2505,Arvidsjaur,2581,Piteå,37,0,1
2024,män,2505,Arvidsjaur,2582,Boden,28,0,1
2024,män,2505,Arvidsjaur,2583,Haparanda,0,0,0
2024,män,2505,Arvidsjaur,2584,Kiruna,3,0,0
2024,män,2506,Arjeplog,2505,Arvidsjaur,14,0,0
2024,män,2506,Arjeplog,2506,Arjeplog,630,0,0
2024,män,2506,Arjeplog,2510,Jokkmokk,5,0,0
2024,män,2506,Arjeplog,2513,Överkalix,0,0,0
2024,män,2506,Arjeplog,2514,Kalix,0,0,1
2024,män,2506,Arjeplog,2518,Övertorneå,0,0,0
2024,män,2506,Arjeplog,2521,Pajala,0,0,0
2024,män,2506,Arjeplog,2523,Gällivare,7,0,0
2024,män,2506,Arjeplog,2560,Älvsbyn,5,0,1
2024,män,2506,Arjeplog,2580,Luleå,11,0,1
2024,män,2506,Arjeplog,2581,Piteå,7,0,1
2024,män,2506,Arjeplog,2582,Boden,0,0,1
2024,män,2506,Arjeplog,2583,Haparanda,0,0,0
2024,män,2506,Arjeplog,2584,Kiruna,3,0,0
2024,män,2510,Jokkmokk,2505,Arvidsjaur,0,0,0
2024,män,2510,Jokkmokk,2506,Arjeplog,3,0,0
2024,män,2510,Jokkmokk,2510,Jokkmokk,1049,0,0
2024,män,2510,Jokkmokk,2513,Överkalix,3,0,0
2024,män,2510,Jokkmokk,2514,Kalix,0,0,1
2024,män,2510,Jokkmokk,2518,Övertorneå,0,0,0
2024,män,2510,Jokkmokk,2521,Pajala,3,0,0
2024,män,2510,Jokkmokk,2523,Gällivare,138,0,0
2024,män,2510,Jokkmokk,2560,Älvsbyn,5,0,1
2024,män,2510,Jokkmokk,2580,Luleå,35,0,1
2024,män,2510,Jokkmokk,2581,Piteå,12,0,1
2024,män,2510,Jokkmokk,2582,Boden,15,0,1
2024,män,2510,Jokkmokk,2583,Haparanda,0,0,0
2024,män,2510,Jokkmokk,2584,Kiruna,12,0,0
2024,män,2513,Överkalix,2505,Arvidsjaur,3,0,0
2024,män,2513,Överkalix,2506,Arjeplog,0,0,0
2024,män,2513,Överkalix,2510,Jokkmokk,0,0,0
2024,män,2513,Överkalix,2513,Överkalix,636,0,0
2024,män,2513,Överkalix,2514,Kalix,21,0,1
2024,män,2513,Överkalix,2518,Övertorneå,7,0,0
2024,män,2513,Överkalix,2521,Pajala,9,0,0
2024,män,2513,Överkalix,2523,Gällivare,25,0,0
2024,män,2513,Överkalix,2560,Älvsbyn,13,0,1
2024,män,2513,Överkalix,2580,Luleå,40,0,1
2024,män,2513,Överkalix,2581,Piteå,12,0,1
2024,män,2513,Överkalix,2582,Boden,9,0,1
2024,män,2513,Överkalix,2583,Haparanda,4,0,0
2024,män,2513,Överkalix,2584,Kiruna,4,0,0
2024,män,2514,Kalix,2505,Arvidsjaur,4,1,0
2024,män,2514,Kalix,2506,Arjeplog,0,1,0
2024,män,2514,Kalix,2510,Jokkmokk,3,1,0
2024,män,2514,Kalix,2513,Överkalix,27,1,0
2024,män,2514,Kalix,2514,Kalix,3042,1,1
2024,män,2514,Kalix,2518,Övertorneå,14,1,0
2024,män,2514,Kalix,2521,Pajala,3,1,0
2024,män,2514,Kalix,2523,Gällivare,39,1,0
2024,män,2514,Kalix,2560,Älvsbyn,36,1,1
2024,män,2514,Kalix,2580,Luleå,449,1,1
2024,män,2514,Kalix,2581,Piteå,34,1,1
2024,män,2514,Kalix,2582,Boden,83,1,1
2024,män,2514,Kalix,2583,Haparanda,67,1,0
2024,män,2514,Kalix,2584,Kiruna,24,1,0
2024,män,2518,Övertorneå,2505,Arvidsjaur,0,0,0
2024,män,2518,Övertorneå,2506,Arjeplog,0,0,0
2024,män,2518,Övertorneå,2510,Jokkmokk,0,0,0
2024,män,2518,Övertorneå,2513,Överkalix,13,0,0
2024,män,2518,Övertorneå,2514,Kalix,6,0,1
2024,män,2518,Övertorneå,2518,Övertorneå,759,0,0
2024,män,2518,Övertorneå,2521,Pajala,41,0,0
2024,män,2518,Övertorneå,2523,Gällivare,11,0,0
2024,män,2518,Övertorneå,2560,Älvsbyn,0,0,1
2024,män,2518,Övertorneå,2580,Luleå,44,0,1
2024,män,2518,Övertorneå,2581,Piteå,4,0,1
2024,män,2518,Övertorneå,2582,Boden,10,0,1
2024,män,2518,Övertorneå,2583,Haparanda,29,0,0
2024,män,2518,Övertorneå,2584,Kiruna,34,0,0
2024,män,2521,Pajala,2505,Arvidsjaur,0,0,0
2024,män,2521,Pajala,2506,Arjeplog,0,0,0
2024,män,2521,Pajala,2510,Jokkmokk,0,0,0
2024,män,2521,Pajala,2513,Överkalix,12,0,0
2024,män,2521,Pajala,2514,Kalix,6,0,1
2024,män,2521,Pajala,2518,Övertorneå,7,0,0
2024,män,2521,Pajala,2521,Pajala,1303,0,0
2024,män,2521,Pajala,2523,Gällivare,42,0,0
2024,män,2521,Pajala,2560,Älvsbyn,4,0,1
2024,män,2521,Pajala,2580,Luleå,22,0,1
2024,män,2521,Pajala,2581,Piteå,3,0,1
2024,män,2521,Pajala,2582,Boden,15,0,1
2024,män,2521,Pajala,2583,Haparanda,5,0,0
2024,män,2521,Pajala,2584,Kiruna,90,0,0
2024,män,2523,Gällivare,2505,Arvidsjaur,0,0,0
2024,män,2523,Gällivare,2506,Arjeplog,0,0,0
2024,män,2523,Gällivare,2510,Jokkmokk,16,0,0
2024,män,2523,Gällivare,2513,Överkalix,0,0,0
2024,män,2523,Gällivare,2514,Kalix,10,0,1
2024,män,2523,Gällivare,2518,Övertorneå,0,0,0
2024,män,2523,Gällivare,2521,Pajala,10,0,0
2024,män,2523,Gällivare,2523,Gällivare,4636,0,0
2024,män,2523,Gällivare,2560,Älvsbyn,0,0,1
2024,män,2523,Gällivare,2580,Luleå,63,0,1
2024,män,2523,Gällivare,2581,Piteå,3,0,1
2024,män,2523,Gällivare,2582,Boden,28,0,1
2024,män,2523,Gällivare,2583,Haparanda,11,0,0
2024,män,2523,Gällivare,2584,Kiruna,131,0,0
2024,män,2560,Älvsbyn,2505,Arvidsjaur,66,1,0
2024,män,2560,Älvsbyn,2506,Arjeplog,0,1,0
2024,män,2560,Älvsbyn,2510,Jokkmokk,7,1,0
2024,män,2560,Älvsbyn,2513,Överkalix,0,1,0
2024,män,2560,Älvsbyn,2514,Kalix,3,1,1
2024,män,2560,Älvsbyn,2518,Övertorneå,0,1,0
2024,män,2560,Älvsbyn,2521,Pajala,0,1,0
2024,män,2560,Älvsbyn,2523,Gällivare,7,1,0
2024,män,2560,Älvsbyn,2560,Älvsbyn,1298,1,1
2024,män,2560,Älvsbyn,2580,Luleå,277,1,1
2024,män,2560,Älvsbyn,2581,Piteå,204,1,1
2024,män,2560,Älvsbyn,2582,Boden,95,1,1
2024,män,2560,Älvsbyn,2583,Haparanda,0,1,0
2024,män,2560,Älvsbyn,2584,Kiruna,5,1,0
2024,män,2580,Luleå,2505,Arvidsjaur,26,1,0
2024,män,2580,Luleå,2506,Arjeplog,3,1,0
2024,män,2580,Luleå,2510,Jokkmokk,18,1,0
2024,män,2580,Luleå,2513,Överkalix,13,1,0
2024,män,2580,Luleå,2514,Kalix,128,1,1
2024,män,2580,Luleå,2518,Övertorneå,22,1,0
2024,män,2580,Luleå,2521,Pajala,26,1,0
2024,män,2580,Luleå,2523,Gällivare,91,1,0
2024,män,2580,Luleå,2560,Älvsbyn,101,1,1
2024,män,2580,Luleå,2580,Luleå,18981,1,1
2024,män,2580,Luleå,2581,Piteå,301,1,1
2024,män,2580,Luleå,2582,Boden,688,1,1
2024,män,2580,Luleå,2583,Haparanda,27,1,0
2024,män,2580,Luleå,2584,Kiruna,82,1,0
2024,män,2581,Piteå,2505,Arvidsjaur,30,1,0
2024,män,2581,Piteå,2506,Arjeplog,8,1,0
2024,män,2581,Piteå,2510,Jokkmokk,12,1,0
2024,män,2581,Piteå,2513,Överkalix,0,1,0
2024,män,2581,Piteå,2514,Kalix,20,1,1
2024,män,2581,Piteå,2518,Övertorneå,0,1,0
2024,män,2581,Piteå,2521,Pajala,6,1,0
2024,män,2581,Piteå,2523,Gällivare,44,1,0
2024,män,2581,Piteå,2560,Älvsbyn,124,1,1
2024,män,2581,Piteå,2580,Luleå,1506,1,1
2024,män,2581,Piteå,2581,Piteå,8812,1,1
2024,män,2581,Piteå,2582,Boden,119,1,1
2024,män,2581,Piteå,2583,Haparanda,3,1,0
2024,män,2581,Piteå,2584,Kiruna,27,1,0
2024,män,2582,Boden,2505,Arvidsjaur,12,1,0
2024,män,2582,Boden,2506,Arjeplog,0,1,0
2024,män,2582,Boden,2510,Jokkmokk,12,1,0
2024,män,2582,Boden,2513,Överkalix,7,1,0
2024,män,2582,Boden,2514,Kalix,29,1,1
2024,män,2582,Boden,2518,Övertorneå,3,1,0
2024,män,2582,Boden,2521,Pajala,7,1,0
2024,män,2582,Boden,2523,Gällivare,29,1,0
2024,män,2582,Boden,2560,Älvsbyn,46,1,1
2024,män,2582,Boden,2580,Luleå,1855,1,1
2024,män,2582,Boden,2581,Piteå,74,1,1
2024,män,2582,Boden,2582,Boden,4771,1,1
2024,män,2582,Boden,2583,Haparanda,0,1,0
2024,män,2582,Boden,2584,Kiruna,37,1,0
2024,män,2583,Haparanda,2505,Arvidsjaur,0,0,0
2024,män,2583,Haparanda,2506,Arjeplog,0,0,0
2024,män,2583,Haparanda,2510,Jokkmokk,0,0,0
2024,män,2583,Haparanda,2513,Överkalix,4,0,0
2024,män,2583,Haparanda,2514,Kalix,109,0,1
2024,män,2583,Haparanda,2518,Övertorneå,27,0,0
2024,män,2583,Haparanda,2521,Pajala,14,0,0
2024,män,2583,Haparanda,2523,Gällivare,12,0,0
2024,män,2583,Haparanda,2560,Älvsbyn,11,0,1
2024,män,2583,Haparanda,2580,Luleå,104,0,1
2024,män,2583,Haparanda,2581,Piteå,5,0,1
2024,män,2583,Haparanda,2582,Boden,12,0,1
2024,män,2583,Haparanda,2583,Haparanda,1531,0,0
2024,män,2583,Haparanda,2584,Kiruna,38,0,0
2024,män,2584,Kiruna,2505,Arvidsjaur,0,0,0
2024,män,2584,Kiruna,2506,Arjeplog,0,0,0
2024,män,2584,Kiruna,2510,Jokkmokk,3,0,0
2024,män,2584,Kiruna,2513,Överkalix,0,0,0
2024,män,2584,Kiruna,2514,Kalix,6,0,1
2024,män,2584,Kiruna,2518,Övertorneå,0,0,0
2024,män,2584,Kiruna,2521,Pajala,21,0,0
2024,män,2584,Kiruna,2523,Gällivare,51,0,0
2024,män,2584,Kiruna,2560,Älvsbyn,0,0,1
2024,män,2584,Kiruna,2580,Luleå,69,0,1
2024,män,2584,Kiruna,2581,Piteå,11,0,1
2024,män,2584,Kiruna,2582,Boden,23,0,1
2024,män,2584,Kiruna,2583,Haparanda,6,0,0
2024,män,2584,Kiruna,2584,Kiruna,6375,0,0
2024,totalt,2505,Arvidsjaur,2505,Arvidsjaur,2564,0,0
2024,totalt,2505,Arvidsjaur,2506,Arjeplog,63,0,0
2024,totalt,2505,Arvidsjaur,2510,Jokkmokk,8,0,0
2024,totalt,2505,Arvidsjaur,2513,Överkalix,0,0,0
2024,totalt,2505,Arvidsjaur,2514,Kalix,10,0,1
2024,totalt,2505,Arvidsjaur,2518,Övertorneå,0,0,0
2024,totalt,2505,Arvidsjaur,2521,Pajala,3,0,0
2024,totalt,2505,Arvidsjaur,2523,Gällivare,15,0,0
2024,totalt,2505,Arvidsjaur,2560,Älvsbyn,45,0,1
2024,totalt,2505,Arvidsjaur,2580,Luleå,37,0,1
2024,totalt,2505,Arvidsjaur,2581,Piteå,53,0,1
2024,totalt,2505,Arvidsjaur,2582,Boden,40,0,1
2024,totalt,2505,Arvidsjaur,2583,Haparanda,0,0,0
2024,totalt,2505,Arvidsjaur,2584,Kiruna,7,0,0
2024,totalt,2506,Arjeplog,2505,Arvidsjaur,29,0,0
2024,totalt,2506,Arjeplog,2506,Arjeplog,1208,0,0
2024,totalt,2506,Arjeplog,2510,Jokkmokk,6,0,0
2024,totalt,2506,Arjeplog,2513,Överkalix,0,0,0
2024,totalt,2506,Arjeplog,2514,Kalix,0,0,1
2024,totalt,2506,Arjeplog,2518,Övertorneå,0,0,0
2024,totalt,2506,Arjeplog,2521,Pajala,0,0,0
2024,totalt,2506,Arjeplog,2523,Gällivare,6,0,0
2024,totalt,2506,Arjeplog,2560,Älvsbyn,6,0,1
2024,totalt,2506,Arjeplog,2580,Luleå,17,0,1
2024,totalt,2506,Arjeplog,2581,Piteå,11,0,1
2024,totalt,2506,Arjeplog,2582,Boden,0,0,1
2024,totalt,2506,Arjeplog,2583,Haparanda,0,0,0
2024,totalt,2506,Arjeplog,2584,Kiruna,3,0,0
2024,totalt,2510,Jokkmokk,2505,Arvidsjaur,5,0,0
2024,totalt,2510,Jokkmokk,2506,Arjeplog,3,0,0
2024,totalt,2510,Jokkmokk,2510,Jokkmokk,2058,0,0
2024,totalt,2510,Jokkmokk,2513,Överkalix,3,0,0
2024,totalt,2510,Jokkmokk,2514,Kalix,3,0,1
2024,totalt,2510,Jokkmokk,2518,Övertorneå,0,0,0
2024,totalt,2510,Jokkmokk,2521,Pajala,3,0,0
2024,totalt,2510,Jokkmokk,2523,Gällivare,200,0,0
2024,totalt,2510,Jokkmokk,2560,Älvsbyn,3,0,1
2024,totalt,2510,Jokkmokk,2580,Luleå,61,0,1
2024,totalt,2510,Jokkmokk,2581,Piteå,16,0,1
2024,totalt,2510,Jokkmokk,2582,Boden,31,0,1
2024,totalt,2510,Jokkmokk,2583,Haparanda,0,0,0
2024,totalt,2510,Jokkmokk,2584,Kiruna,24,0,0
2024,totalt,2513,Överkalix,2505,Arvidsjaur,3,0,0
2024,totalt,2513,Överkalix,2506,Arjeplog,0,0,0
2024,totalt,2513,Överkalix,2510,Jokkmokk,0,0,0
2024,totalt,2513,Överkalix,2513,Överkalix,1199,0,0
2024,totalt,2513,Överkalix,2514,Kalix,44,0,1
2024,totalt,2513,Överkalix,2518,Övertorneå,18,0,0
2024,totalt,2513,Överkalix,2521,Pajala,14,0,0
2024,totalt,2513,Överkalix,2523,Gällivare,36,0,0
2024,totalt,2513,Överkalix,2560,Älvsbyn,13,0,1
2024,totalt,2513,Överkalix,2580,Luleå,69,0,1
2024,totalt,2513,Överkalix,2581,Piteå,13,0,1
2024,totalt,2513,Överkalix,2582,Boden,11,0,1
2024,totalt,2513,Överkalix,2583,Haparanda,5,0,0
2024,totalt,2513,Överkalix,2584,Kiruna,8,0,0
2024,totalt,2514,Kalix,2505,Arvidsjaur,4,1,0
2024,totalt,2514,Kalix,2506,Arjeplog,0,1,0
2024,totalt,2514,Kalix,2510,Jokkmokk,0,1,0
2024,totalt,2514,Kalix,2513,Överkalix,40,1,0
2024,totalt,2514,Kalix,2514,Kalix,6042,1,1
2024,totalt,2514,Kalix,2518,Övertorneå,26,1,0
2024,totalt,2514,Kalix,2521,Pajala,7,1,0
2024,totalt,2514,Kalix,2523,Gällivare,51,1,0
2024,totalt,2514,Kalix,2560,Älvsbyn,44,1,1
2024,totalt,2514,Kalix,2580,Luleå,691,1,1
2024,totalt,2514,Kalix,2581,Piteå,44,1,1
2024,totalt,2514,Kalix,2582,Boden,105,1,1
2024,totalt,2514,Kalix,2583,Haparanda,132,1,0
2024,totalt,2514,Kalix,2584,Kiruna,25,1,0
2024,totalt,2518,Övertorneå,2505,Arvidsjaur,0,0,0
2024,totalt,2518,Övertorneå,2506,Arjeplog,3,0,0
2024,totalt,2518,Övertorneå,2510,Jokkmokk,0,0,0
2024,totalt,2518,Övertorneå,2513,Överkalix,35,0,0
2024,totalt,2518,Övertorneå,2514,Kalix,17,0,1
2024,totalt,2518,Övertorneå,2518,Övertorneå,1445,0,0
2024,totalt,2518,Övertorneå,2521,Pajala,69,0,0
2024,totalt,2518,Övertorneå,2523,Gällivare,13,0,0
2024,totalt,2518,Övertorneå,2560,Älvsbyn,0,0,1
2024,totalt,2518,Övertorneå,2580,Luleå,58,0,1
2024,totalt,2518,Övertorneå,2581,Piteå,4,0,1
2024,totalt,2518,Övertorneå,2582,Boden,13,0,1
2024,totalt,2518,Övertorneå,2583,Haparanda,48,0,0
2024,totalt,2518,Övertorneå,2584,Kiruna,42,0,0
2024,totalt,2521,Pajala,2505,Arvidsjaur,3,0,0
2024,totalt,2521,Pajala,2506,Arjeplog,0,0,0
2024,totalt,2521,Pajala,2510,Jokkmokk,0,0,0
2024,totalt,2521,Pajala,2513,Överkalix,18,0,0
2024,totalt,2521,Pajala,2514,Kalix,6,0,1
2024,totalt,2521,Pajala,2518,Övertorneå,15,0,0
2024,totalt,2521,Pajala,2521,Pajala,2386,0,0
2024,totalt,2521,Pajala,2523,Gällivare,54,0,0
2024,totalt,2521,Pajala,2560,Älvsbyn,4,0,1
2024,totalt,2521,Pajala,2580,Luleå,37,0,1
2024,totalt,2521,Pajala,2581,Piteå,4,0,1
2024,totalt,2521,Pajala,2582,Boden,18,0,1
2024,totalt,2521,Pajala,2583,Haparanda,7,0,0
2024,totalt,2521,Pajala,2584,Kiruna,137,0,0
2024,totalt,2523,Gällivare,2505,Arvidsjaur,0,0,0
2024,totalt,2523,Gällivare,2506,Arjeplog,0,0,0
2024,totalt,2523,Gällivare,2510,Jokkmokk,32,0,0
2024,totalt,2523,Gällivare,2513,Överkalix,9,0,0
2024,totalt,2523,Gällivare,2514,Kalix,16,0,1
2024,totalt,2523,Gällivare,2518,Övertorneå,3,0,0
2024,totalt,2523,Gällivare,2521,Pajala,14,0,0
2024,totalt,2523,Gällivare,2523,Gällivare,8712,0,0
2024,totalt,2523,Gällivare,2560,Älvsbyn,3,0,1
2024,totalt,2523,Gällivare,2580,Luleå,133,0,1
2024,totalt,2523,Gällivare,2581,Piteå,13,0,1
2024,totalt,2523,Gällivare,2582,Boden,37,0,1
2024,totalt,2523,Gällivare,2583,Haparanda,12,0,0
2024,totalt,2523,Gällivare,2584,Kiruna,197,0,0
2024,totalt,2560,Älvsbyn,2505,Arvidsjaur,94,1,0
2024,totalt,2560,Älvsbyn,2506,Arjeplog,0,1,0
2024,totalt,2560,Älvsbyn,2510,Jokkmokk,16,1,0
2024,totalt,2560,Älvsbyn,2513,Överkalix,0,1,0
2024,totalt,2560,Älvsbyn,2514,Kalix,7,1,1
2024,totalt,2560,Älvsbyn,2518,Övertorneå,0,1,0
2024,totalt,2560,Älvsbyn,2521,Pajala,0,1,0
2024,totalt,2560,Älvsbyn,2523,Gällivare,11,1,0
2024,totalt,2560,Älvsbyn,2560,Älvsbyn,2659,1,1
2024,totalt,2560,Älvsbyn,2580,Luleå,396,1,1
2024,totalt,2560,Älvsbyn,2581,Piteå,330,1,1
2024,totalt,2560,Älvsbyn,2582,Boden,135,1,1
2024,totalt,2560,Älvsbyn,2583,Haparanda,0,1,0
2024,totalt,2560,Älvsbyn,2584,Kiruna,9,1,0
2024,totalt,2580,Luleå,2505,Arvidsjaur,31,1,0
2024,totalt,2580,Luleå,2506,Arjeplog,3,1,0
2024,totalt,2580,Luleå,2510,Jokkmokk,24,1,0
2024,totalt,2580,Luleå,2513,Överkalix,37,1,0
2024,totalt,2580,Luleå,2514,Kalix,200,1,1
2024,totalt,2580,Luleå,2518,Övertorneå,29,1,0
2024,totalt,2580,Luleå,2521,Pajala,41,1,0
2024,totalt,2580,Luleå,2523,Gällivare,127,1,0
2024,totalt,2580,Luleå,2560,Älvsbyn,153,1,1
2024,totalt,2580,Luleå,2580,Luleå,37443,1,1
2024,totalt,2580,Luleå,2581,Piteå,492,1,1
2024,totalt,2580,Luleå,2582,Boden,1286,1,1
2024,totalt,2580,Luleå,2583,Haparanda,43,1,0
2024,totalt,2580,Luleå,2584,Kiruna,130,1,0
2024,totalt,2581,Piteå,2505,Arvidsjaur,41,1,0
2024,totalt,2581,Piteå,2506,Arjeplog,20,1,0
2024,totalt,2581,Piteå,2510,Jokkmokk,23,1,0
2024,totalt,2581,Piteå,2513,Överkalix,0,1,0
2024,totalt,2581,Piteå,2514,Kalix,29,1,1
2024,totalt,2581,Piteå,2518,Övertorneå,3,1,0
2024,totalt,2581,Piteå,2521,Pajala,14,1,0
2024,totalt,2581,Piteå,2523,Gällivare,61,1,0
2024,totalt,2581,Piteå,2560,Älvsbyn,211,1,1
2024,totalt,2581,Piteå,2580,Luleå,2586,1,1
2024,totalt,2581,Piteå,2581,Piteå,17471,1,1
2024,totalt,2581,Piteå,2582,Boden,188,1,1
2024,totalt,2581,Piteå,2583,Haparanda,3,1,0
2024,totalt,2581,Piteå,2584,Kiruna,45,1,0
2024,totalt,2582,Boden,2505,Arvidsjaur,15,1,0
2024,totalt,2582,Boden,2506,Arjeplog,0,1,0
2024,totalt,2582,Boden,2510,Jokkmokk,20,1,0
2024,totalt,2582,Boden,2513,Överkalix,10,1,0
2024,totalt,2582,Boden,2514,Kalix,40,1,1
2024,totalt,2582,Boden,2518,Övertorneå,5,1,0
2024,totalt,2582,Boden,2521,Pajala,12,1,0
2024,totalt,2582,Boden,2523,Gällivare,44,1,0
2024,totalt,2582,Boden,2560,Älvsbyn,61,1,1
2024,totalt,2582,Boden,2580,Luleå,3456,1,1
2024,totalt,2582,Boden,2581,Piteå,105,1,1
2024,totalt,2582,Boden,2582,Boden,9533,1,1
2024,totalt,2582,Boden,2583,Haparanda,5,1,0
2024,totalt,2582,Boden,2584,Kiruna,46,1,0
2024,totalt,2583,Haparanda,2505,Arvidsjaur,0,0,0
2024,totalt,2583,Haparanda,2506,Arjeplog,0,0,0
2024,totalt,2583,Haparanda,2510,Jokkmokk,0,0,0
2024,totalt,2583,Haparanda,2513,Överkalix,4,0,0
2024,totalt,2583,Haparanda,2514,Kalix,179,0,1
2024,totalt,2583,Haparanda,2518,Övertorneå,40,0,0
2024,totalt,2583,Haparanda,2521,Pajala,16,0,0
2024,totalt,2583,Haparanda,2523,Gällivare,13,0,0
2024,totalt,2583,Haparanda,2560,Älvsbyn,16,0,1
2024,totalt,2583,Haparanda,2580,Luleå,137,0,1
2024,totalt,2583,Haparanda,2581,Piteå,6,0,1
2024,totalt,2583,Haparanda,2582,Boden,20,0,1
2024,totalt,2583,Haparanda,2583,Haparanda,3143,0,0
2024,totalt,2583,Haparanda,2584,Kiruna,51,0,0
2024,totalt,2584,Kiruna,2505,Arvidsjaur,0,0,0
2024,totalt,2584,Kiruna,2506,Arjeplog,0,0,0
2024,totalt,2584,Kiruna,2510,Jokkmokk,3,0,0
2024,totalt,2584,Kiruna,2513,Överkalix,0,0,0
2024,totalt,2584,Kiruna,2514,Kalix,6,0,1
2024,totalt,2584,Kiruna,2518,Övertorneå,3,0,0
2024,totalt,2584,Kiruna,2521,Pajala,37,0,0
2024,totalt,2584,Kiruna,2523,Gällivare,83,0,0
2024,totalt,2584,Kiruna,2560,Älvsbyn,0,0,1
2024,totalt,2584,Kiruna,2580,Luleå,122,0,1
2024,totalt,2584,Kiruna,2581,Piteå,11,0,1
2024,totalt,2584,Kiruna,2582,Boden,40,0,1
2024,totalt,2584,Kiruna,2583,Haparanda,8,0,0
2024,totalt,2584,Kiruna,2584,Kiruna,11769,0,0
